author_id,name,birthdate
1,Scotti Witchard,1991-04-01
2,Fitzgerald MacKeeg,1990-10-05
3,Cal Camelin,1951-09-25
4,Leonard Basson,1988-05-20
5,Demeter O'Heneghan,1989-01-28
6,Nestor Eliot,1991-05-29
7,Flossy Crumpton,1986-10-14
8,Lucie Vannar,1970-10-13
9,Alva Linnell,1984-03-16
10,Gayleen Linnard,1980-09-17
11,Robby Elphinston,1975-11-25
12,Sansone Gainsburgh,1984-12-18
13,Ida Joron,1957-04-25
14,Jemima Millyard,1989-01-20
15,Dael Reid,1950-11-29
16,Nerissa Nequest,1986-06-25
17,Andeee MacSwayde,1994-04-30
18,Marjy Lethebridge,1956-03-29
19,Bird Bate,1989-12-20
20,Cash Culshaw,1983-09-28
21,Meara Vela,1976-01-20
22,Ellyn Romanski,1992-10-21
23,Carrol Brenneke,1976-10-18
24,Arabele Smeaton,1999-08-15
25,Dahlia Bardwell,1959-11-28
26,Marcia Haward,1985-03-23
27,Chelsie Bromehead,1965-05-23
28,Woodrow Lambertz,1971-11-25
29,Mace Waghorne,1963-12-17
30,Doti Dibbert,1951-11-28
31,Desmund Hazleton,1961-03-18
32,Mycah Phippen,1981-05-28
33,Gerald Holtaway,1993-12-22
34,Wally Dart,1973-03-24
35,Paige Oiller,1991-07-31
36,Guthrie Tofano,1972-01-30
37,Humfrid Grebbin,1988-04-27
38,Alasteir Malpas,1993-02-21
39,Bink Norcliff,1966-02-21
40,Kat Ledley,1982-08-26
41,Doti Tyrone,1952-10-31
42,Sophronia Fahey,1992-07-28
43,Lina Kleinhaut,1963-01-18
44,Maddy Kielty,1959-06-30
45,Crosby Yusupov,2000-03-27
46,Petra Dixey,1962-12-26
47,Holli Dunniom,1962-03-21
48,Goran Bute,1998-03-23
49,Xylia Cholmondeley,1967-08-26
50,Bruce Ellif,1970-09-13
51,Kimmy Girardini,2002-07-14
52,Anderson Pavolini,1972-12-27
53,Dionysus Gaskin,1963-11-28
54,Abey Henriques,1967-06-23
55,Anne-corinne Abbotts,1958-04-23
56,Wilek Leonardi,1952-01-29
57,Bucky Lamond,1974-04-15
58,Correna Lampbrecht,1993-05-17
59,Kevin Monro,1997-03-15
60,Salem Spering,1959-04-28
61,Bastien Dickie,1961-03-30
62,Gladys MacSorley,1971-06-19
63,Vernen Salerg,1960-11-13
64,Sibbie McKinley,1958-12-25
65,Augustin Toppin,1986-03-18
66,Milissent Farrand,1970-03-19
67,Edwina Armatys,2002-06-18
68,Dillie Aulsford,1960-12-25
69,Melosa Craker,1960-02-24
70,Rudolf Fairall,1989-06-15
71,Jeri Bunclark,1963-04-15
72,Tann Svanetti,1980-02-13
73,Briana Gull,1982-03-19
74,Sully Barreau,1952-10-28
75,Maxine Paintain,1968-03-24
76,Tabbitha Beckley,1997-07-26
77,Ignacio Deegin,1980-01-22
78,Evangelina Apark,1950-09-30
79,Kaleb Fitton,1973-11-14
80,Curry Bowdon,1985-10-24
81,Bevan Pacitti,1985-05-29
82,Howey Dallinder,1958-04-19
83,Jacquenette Lepoidevin,1958-05-20
84,Rania Souster,1981-12-16
85,Diandra Tellenbroker,1983-09-20
86,Bronson Wesson,2002-07-20
87,Bradney Eltringham,1980-09-18
88,Clo Benech,1985-03-22
89,Manuel Crewdson,1989-11-18
90,Connor Borgne,1985-11-17
91,Wandie Hinemoor,1994-01-23
92,Daveen Roundtree,1986-07-17
93,Kristofor Dubois,1962-01-21
94,Xavier Rosingdall,1959-12-31
95,Penni Catmull,1959-10-19
96,Agnese Odney,1987-02-23
97,Thalia Coakley,1967-11-21
98,Meredeth Achrameev,1968-10-14
99,Coralyn Riddall,1988-07-28
100,Willie Leechman,1986-04-29
101,Caro Mattimoe,1956-05-19
102,Torrance Gehringer,1992-10-30
103,Farley Langran,1963-07-21
104,Kendrick Hurtic,1992-12-30
105,Willie Chambers,1958-09-20
106,Asher Alwin,1963-06-16
107,Clarance Goricke,1985-02-19
108,Meade Lowten,1984-02-13
109,Curtis Francioli,1975-06-29
110,Briant Cutforth,1984-07-20
111,Nil Housego,1959-09-14
112,Leontyne Wyllis,1968-11-13
113,Joan Woodage,1998-07-14
114,Nerta Plewright,1975-11-25
115,Gizela Lowis,1950-10-20
116,Cissy MacFarlan,1993-12-23
117,Renado Petrus,1963-05-31
118,Rafaela Acreman,1963-05-28
119,Hall Grishunin,1953-10-15
120,Coral Denziloe,1983-05-15
121,Star Hyne,1951-07-30
122,Gavin Macallam,1950-11-13
123,Alejandro Rosebotham,1992-03-14
124,Sebastiano McTerrelly,1960-07-30
125,Alex Creech,1969-08-29
126,Byran Bahls,1987-12-27
127,Nydia Pitman,1970-11-13
128,Brittani Matiewe,1977-09-13
129,Wadsworth Prosek,1972-01-22
130,Bjorn Eadmeads,1979-03-17
131,Kristo Scholler,1978-09-17
132,Vern Mac Geaney,1993-07-15
133,Anneliese Gilberthorpe,1980-08-23
134,Thomasina Alforde,1952-07-22
135,Isis Dunstan,1960-08-22
136,Reuven Badman,1988-09-26
137,Sheena Wittering,1972-04-30
138,Luce McDaid,1993-06-23
139,Lola Eytel,1976-02-16
140,Rhett Peniello,1988-09-22
141,Lodovico Wadge,1971-08-14
142,Stanton Matieu,1975-06-14
143,Gav Noonan,1970-05-27
144,Anastasie Barbe,1971-08-17
145,Roxanne Gorman,1966-10-24
146,Ali Upsale,1961-05-16
147,Egon Meddows,1985-02-21
148,Amie Sjollema,1964-04-26
149,Oran Devote,1988-01-27
150,Gael Erley,1956-10-27
151,Marta Flaonier,1977-08-22
152,Marisa Hanvey,1989-11-13
153,Eleonora Colt,1989-04-28
154,Granny Berndsen,1956-04-26
155,Lorrin Affuso,1967-04-17
156,Beatrice Usmar,1992-09-13
157,Kerr Derell,1989-01-13
158,Mortimer Shawyer,1993-05-18
159,Brittaney Drohane,1952-12-31
160,Tiler Bayston,1964-12-17
161,Alphonse Spiers,1979-05-31
162,Marilee Gulliver,1981-09-17
163,Fernandina Eagland,1983-04-21
164,Trent Sawney,1956-08-23
165,Chico Hawler,2000-08-23
166,Viva McGloughlin,1998-11-27
167,Lanna Strippling,2001-01-30
168,Zebedee Perkinson,1988-05-30
169,Roy Kegan,1991-01-25
170,Ailene Swindles,1963-01-30
171,Jud Imms,1983-01-25
172,Stanford Giacomo,1967-05-27
173,Chelsie McGebenay,1992-03-21
174,Hyatt Ketteridge,1992-03-22
175,Dorie Holby,1965-12-26
176,Tamma Syers,1952-02-18
177,Tadio Brychan,2001-04-22
178,Aleen McPhee,1969-08-23
179,Cybil Moncaster,1991-10-20
180,Beverly Crownshaw,1951-12-25
181,Lindsay Muttock,1962-12-22
182,Siward Waleworke,1951-11-18
183,Ariel Swatland,1980-09-24
184,Kareem Goldberg,1955-05-20
185,Phineas Giffon,1962-09-19
186,Nichole Stoodley,1956-06-16
187,Sofia Clunie,1994-11-15
188,Rene Gini,1986-09-17
189,Gelya Daice,1974-08-14
190,Laird Synnott,1951-12-31
191,Theobald Serrurier,1967-12-19
192,Brig Royl,1955-04-25
193,Kaile Syrad,1990-05-27
194,Rancell Gabbatt,2000-01-30
195,Albie Yurkin,1962-09-24
196,Denys Cashin,1983-08-31
197,Derby Kenwrick,1964-12-30
198,Joella Ellerker,1990-05-17
199,Kelila Nock,1955-05-30
200,Arne Badder,1955-05-20
201,Ashlan Woller,1993-01-28
202,Clarie Manus,1976-04-17
203,Mohandis Pedroni,1994-02-19
204,Debera Renac,1973-07-16
205,Wait Macbeth,1978-08-29
206,Janine Ricciardi,1951-04-21
207,Jany Rogier,1983-03-22
208,Jillane Domini,1976-10-30
209,Wiatt Grevatt,1958-05-14
210,Karlyn Claus,2001-09-15
211,Ashly Viscovi,1960-07-22
212,Yuma Temple,1995-05-17
213,Ermengarde McCosh,1990-01-31
214,Julieta Blasetti,1991-10-30
215,Joletta Hearnden,1995-12-17
216,Kara Firmager,1955-11-28
217,Daren Paris,1980-03-13
218,Nikolaos Zottoli,1955-04-15
219,Leonelle Ungerechts,1998-02-24
220,Elvina McGriffin,1990-07-18
221,Kathleen Ladbrook,1984-10-24
222,Brenn Anniwell,1999-04-13
223,Hamlen Crate,1953-07-26
224,Johnny Maskill,1950-11-20
225,Prescott Markie,1981-08-25
226,Kitti Hartridge,1987-01-16
227,Leshia MacCole,1979-03-13
228,Alberto Faley,1992-06-22
229,Kassi Rookledge,1960-05-18
230,Elayne Wileman,1992-03-16
231,Silvain Murrhardt,1980-06-30
232,Valaree Birrane,1979-05-25
233,Paige Flaunders,1992-12-17
234,Averell Bartlam,1989-02-23
235,Geraldine Fawltey,1956-09-13
236,Dulci Amort,1955-02-24
237,Stacie Mackneis,1967-01-22
238,Paten Smalls,1986-06-29
239,Barnard Kobsch,1962-06-29
240,Randie Tuttiett,1955-05-18
241,Rodge Sturr,1979-11-26
242,Marlowe Ballentime,1968-01-29
243,Susannah Nutman,2001-06-17
244,Kenny Glanvill,1968-01-26
245,Brantley Boggas,1969-01-18
246,Ross Arnason,1976-04-28
247,Constantia Clarridge,1996-04-26
248,Mil Yearns,1983-08-30
249,Gal Denisovich,1963-03-22
250,Padgett Feavearyear,1952-10-19
251,Zarla De Laci,1997-11-16
252,Lalo Jeans,1968-02-26
253,Elmore Vernazza,1980-08-31
254,Myrtie Flageul,1967-06-18
255,Terrill Wickes,1990-03-21
256,Arlie Cancellario,1991-04-19
257,Gifford Shellum,2001-05-28
258,Porty Najara,2001-04-14
259,Karie Looney,1972-02-20
260,Brook Evemy,1964-08-14
261,Jeane Dwelley,1966-09-18
262,Dino Annis,1965-07-26
263,Lilly Tilt,1989-03-28
264,Jacky De Domenici,1974-07-14
265,Rolland Holyland,1986-11-13
266,Timmy Domingues,1962-10-13
267,Ronda Windress,1992-12-23
268,Toiboid Naris,1988-09-22
269,Oberon Tayspell,1976-01-18
270,Pedro Weinberg,1964-05-27
271,Brooks Mattiuzzi,1978-12-19
272,Arni Marshman,1953-06-29
273,Lonnie McCollum,1973-10-20
274,Dell Mycock,1951-02-23
275,Mohandis Morecombe,1996-09-20
276,Alexi Shorte,1972-08-14
277,North Fulmen,1958-09-13
278,Brook Hyam,2001-09-27
279,Hildagard Gopsall,1964-10-20
280,Tammy Cleyburn,1981-08-28
281,Lynett Swiggs,1997-09-24
282,Kirbee McCaig,1960-02-25
283,Leta Andriuzzi,1970-08-15
284,Britt Cater,1981-09-21
285,Rubie Schaffler,1958-01-25
286,Ryann Laneham,1960-07-27
287,Petra Dowsey,1952-05-16
288,Lavina Ricoald,1979-05-26
289,Lilas Playfoot,2000-07-29
290,Baxie Dorgon,1957-07-16
291,Odo MacCaffery,1960-02-17
292,Robbie Arman,1958-03-26
293,Nerta Wartonby,2000-12-13
294,Nalani Corsham,1972-03-29
295,Wilhelmina McCaskill,1981-12-23
296,Corney Marcombe,1974-11-13
297,Angelika Prenty,2001-11-22
298,Lorain Riediger,1966-09-14
299,Gonzalo Bignell,1990-05-22
300,Koral Lowes,1986-10-22
301,Zed Methingam,1986-08-16
302,Mead Riehm,1984-07-30
303,Josee Stening,1991-05-16
304,Geraldine Fidilis,1982-06-30
305,Carol-jean Broadway,1978-06-14
306,Sal Downs,1959-12-22
307,Alysia Penman,1985-08-18
308,Estella Milbourn,1953-01-24
309,Athene Joderli,1991-03-18
310,Katalin Sheryne,1951-11-23
311,Barron Iacovo,1996-06-26
312,Geoff Fetter,1953-12-31
313,Doretta Muino,2000-06-21
314,Jabez Joris,1970-04-25
315,Ravid Roache,1995-02-25
316,Kaiser Skoggins,1956-11-20
317,Scarlett De Carlo,1979-11-23
318,Cosette Pitney,1996-05-18
319,Bud Rumgay,1951-11-20
320,Lura Milella,1985-09-16
321,Suzie Fetherstan,1986-03-29
322,Georgina Hewlings,1952-01-19
323,Seana Mandeville,1982-03-19
324,Eadmund Heasman,1952-04-19
325,Daffie Gipp,1990-07-16
326,Tine Albro,2000-01-22
327,Zak Basketter,1951-10-15
328,Gar Bromhead,1955-12-31
329,Talya Grazier,1969-10-19
330,Brendan McLurg,1957-10-18
331,Edith Albrighton,1963-10-19
332,Lennie Neggrini,1951-11-25
333,Inness Powell,1989-06-24
334,Meridel Oxbrow,1991-09-15
335,Faina Sevier,1990-07-26
336,Henryetta Scheffler,1997-08-14
337,Marianne Kingsford,1959-04-15
338,Reuven Hourstan,1999-05-30
339,Ursula Wegman,1955-01-28
340,Cordelia Nana,1985-08-21
341,Robby Halburton,1987-05-14
342,Kathrine Celli,1965-06-16
343,Abbie Taveriner,1976-09-19
344,Dannie Heavens,1999-09-13
345,Eveleen Farthing,1991-11-18
346,Helen Baumann,1975-12-23
347,Melba Kemster,1955-05-27
348,Lindsay Woodwin,1994-03-21
349,Wylma Rean,1982-07-13
350,Alica Jentle,1969-07-27
351,Bruno Mays,1972-03-18
352,Christi MacCurlye,1967-01-22
353,Lauren Rodliff,1967-06-22
354,Erny Carlesi,1990-09-28
355,Lorilyn Huster,1983-05-14
356,Maurine Hedworth,1987-03-28
357,Aubry Wilkisson,1954-04-22
358,Riley Poutress,1978-06-28
359,Nicki Jiran,1966-07-31
360,Carissa Ducrow,1989-06-27
361,Jerad Okroy,1958-05-14
362,Cody Eberts,1983-04-23
363,Elayne Mawtus,1963-03-29
364,Mellisa Tretter,1993-01-19
365,Warner Bortolussi,1984-05-30
366,Constantino Dollman,1971-10-19
367,Ariela Borkin,1960-01-28
368,Kat Molden,1976-09-15
369,Patrick Shorie,1959-08-23
370,Masha Aujouanet,1966-11-27
371,Halli Sorensen,1996-01-28
372,Freemon Yakubovics,1965-07-22
373,Colas Garretson,1952-10-25
374,Dosi Hallihan,1956-10-30
375,Barbee Lening,1980-07-14
376,Odella Haliburn,1969-03-31
377,Joel Buffy,1980-11-18
378,Jude Pennino,1996-05-31
379,Raul Alberti,1958-08-17
380,Cordell Jobbins,1989-11-18
381,Maurits Eynald,1972-01-26
382,Alain Glazer,1969-02-14
383,Burnaby Djokic,1987-07-25
384,Rustin O'Grogane,1973-11-21
385,Blondie Van Der Weedenburg,1951-05-27
386,Cornell Gonzalvo,1964-07-19
387,Ricoriki Georghiou,1970-04-26
388,Orelle Lammin,1999-11-26
389,Myrtia Cumpton,1971-04-24
390,Roberto Conklin,1980-07-25
391,Vite Stirman,1953-01-29
392,Damon Trotman,1966-06-27
393,Polly Coomber,1997-06-30
394,Rosalinda Jarritt,1996-11-30
395,Dasie Swigg,1986-10-21
396,Gearard Woodyer,1999-12-28
397,Jesselyn Pickerin,1986-03-16
398,Verile Heasley,1972-09-13
399,Gay Jeannon,1988-07-27
400,Josh Hollier,1959-10-15
401,Marj Dahler,1969-01-20
402,Druci Gilligan,1972-10-27
403,Wendye Standell,1965-06-24
404,Kev Klejin,1980-05-17
405,Aluino Hastilow,1965-04-27
406,Zeb McQuilkin,1976-05-19
407,Corbett Jaggs,1966-01-15
408,Andrey Tyght,1958-02-28
409,Adel Hecks,1961-01-19
410,Trip Abramzon,1996-02-13
411,Jenna Aubin,2001-01-20
412,Corine Kearns,1979-04-23
413,Shawna Peetermann,1979-08-29
414,Ellene Byrnes,1985-12-17
415,Alvira Jansa,1959-10-26
416,Daune Perrington,1981-10-31
417,Melisandra Bagnell,1961-04-27
418,Eloise Prantoni,1979-08-28
419,Franny Casham,1984-07-20
420,Danie Hockey,1973-10-18
421,Sibella Roch,1967-12-27
422,Alano Tolan,1963-05-28
423,Minny Bissatt,1954-05-25
424,Eustacia Betun,1956-07-29
425,Tawnya Stivers,1992-10-30
426,Lucia Alejandro,1952-02-15
427,Dunn Goss,1976-03-26
428,Georgeanne Scatchard,1976-06-23
429,Rodney Greenall,1954-12-17
430,Jefferson Murden,1951-05-13
431,Sissy Gomery,1986-12-25
432,Emmet Scolli,1966-02-20
433,Dani Jojic,1955-05-22
434,Gardy Ashworth,1959-06-23
435,Nicola Royan,1965-11-13
436,Johnette Pau,2000-08-26
437,Titos De Lasci,1955-08-27
438,Micheline Yeldham,2001-04-19
439,Rogerio Workman,1967-10-30
440,Arel Candwell,1996-05-31
441,Elsbeth Savatier,1964-09-28
442,Gan Dunsmore,1975-08-26
443,Brody Cullip,1986-01-17
444,Lethia Pauls,1983-05-29
445,Trescha Hampson,1983-02-22
446,Valentia Pheby,1977-08-30
447,Estevan Leyshon,2001-07-13
448,Noami Sooper,1997-07-26
449,Georgina Chatenier,1996-07-17
450,Johanna Hosby,1985-10-28
451,Dorry Keyme,1989-03-19
452,Kiley Hannabus,1954-07-20
453,Abbe Cubberley,1996-02-23
454,Les Olenin,1982-08-18
455,Federico Dionsetti,2000-07-16
456,Franni Doige,1974-06-21
457,Coral Shipman,1987-06-21
458,Em Georgins,1996-04-25
459,Jacques Wyrill,1963-11-27
460,Myrtie Seath,1992-09-21
461,Alma Di Maria,1972-12-21
462,Queenie Redgrave,1997-04-29
463,Ulric Buckingham,1951-07-26
464,Alice St. Queintain,1952-03-15
465,Bone Garrow,1970-06-27
466,Iain Burgon,1988-04-17
467,Barrett Pallent,2001-02-19
468,Linc Grahlman,2000-09-18
469,Averell Brandoni,1969-08-20
470,Abagail Berens,1985-12-25
471,Ermanno Madge,1978-01-24
472,Vilma Adamovitch,1998-05-19
473,Niko Swaile,1989-12-14
474,Dickie Helstrip,1983-01-18
475,Bennie Yglesia,1994-03-21
476,Jordain Huonic,1954-03-23
477,Cynde Fetteplace,1993-09-22
478,Thatch Goodman,1970-04-30
479,Rowney Alfonsini,2000-03-19
480,Nickolai Caunter,1955-02-17
481,Avrom Claxton,1990-10-21
482,Adena Prozillo,1987-06-28
483,Clarinda Estoile,1988-06-27
484,Lira Thurbon,1984-04-25
485,Peyter Doni,1999-03-14
486,Remy De Malchar,1991-02-19
487,Wendie Domerq,1955-11-15
488,Merle Pessler,1976-11-28
489,Kandace Wrathmell,1957-04-22
490,Lolly Pashbee,1989-02-18
491,Flynn Mullord,1970-07-17
492,Wernher Beart,1986-10-27
493,Renie Noquet,1956-11-13
494,Drew Mussotti,1982-02-25
495,Lidia Poppleton,1998-05-21
496,Christye Trouel,1980-03-27
497,Peggy Silvermann,1987-07-19
498,Rutledge Erb,1981-08-20
499,Kessiah Font,1975-06-13
500,Tris Hebblewaite,1982-01-17
501,Herbert Haselhurst,1972-09-18
502,Adan Janak,1991-12-28
503,Purcell Skoyles,1956-05-26
504,Wye Heeks,1968-10-21
505,Iorgo Dewes,1962-05-25
506,Gerianne Pierson,1960-06-23
507,Gordie Clampe,1995-10-29
508,Brina Polglase,1977-12-26
509,Milton Farmery,1980-06-30
510,Kary Adrien,1962-11-13
511,Sherrie Ramelot,1975-09-27
512,Ardelle Angrove,1972-09-14
513,Lazare Ivermee,1997-08-18
514,Kylie Skeldinge,1974-05-30
515,Fairleigh Billham,1975-08-24
516,Alyse Craddy,2000-12-17
517,Marj Maclaine,1982-01-22
518,Sonnnie Coomber,1983-02-28
519,Constantine Ablott,1960-12-13
520,Babita Cursons,2000-02-25
521,Tabbie Armal,1967-05-17
522,Iver Youde,1962-10-31
523,Orel Coulsen,1982-10-31
524,Rey Langdale,2001-10-26
525,Neils Maylam,1967-03-29
526,Brion Chattelaine,1994-06-21
527,Giuseppe Bayston,1963-05-26
528,Lorine Rehn,1987-01-28
529,Rosamund Tann,1954-09-24
530,Brewer Whissell,1963-08-15
531,Melitta Raatz,1960-01-16
532,Abbot Lister,1994-03-30
533,Ginger Juste,1985-03-27
534,Woody Nash,1994-10-15
535,Radcliffe Dowson,1993-03-19
536,Melitta Elintune,1978-03-18
537,Norrie Billings,1993-11-28
538,Alwin Craze,1984-01-30
539,Oren Trappe,1952-08-14
540,Elston Shalliker,1974-05-29
541,Charlean Lago,1982-11-20
542,Hester Kitley,1965-09-24
543,Adrian Veysey,1998-10-23
544,Caresse Fores,1977-07-18
545,Padriac Fairchild,1986-09-22
546,Celestyn Ashness,1963-10-28
547,Siobhan Skouling,1994-08-16
548,Vivyanne Ummfrey,1970-11-17
549,Sibley Climer,1987-05-17
550,Hillery Merriton,1968-08-13
551,Lory Baynam,1965-07-17
552,Zacherie Jobbins,1979-10-19
553,Darby Jeffers,1953-10-21
554,Brittaney Lye,1973-10-24
555,Darcie Zecchi,1962-10-25
556,Grace Beckinsale,1987-09-18
557,Kayle Lutman,1971-04-17
558,Teddie Knowlson,1952-03-18
559,Lorine Holligan,1982-03-13
560,Ryon Howles,1994-09-28
561,Cory Benner,1964-05-28
562,Zea Hearthfield,1990-12-15
563,Zelma Storrs,1982-06-13
564,Tessie Castro,1983-12-28
565,Gilemette Birkbeck,1957-01-24
566,Jamaal Tieraney,1963-11-30
567,Cindra Ramsby,1953-01-14
568,Annadiane Gatherell,1954-07-13
569,Roze Lints,1993-08-13
570,Rozelle Fragino,1969-05-14
571,Althea Jenk,1967-06-27
572,Felecia Kobus,1960-04-15
573,Tilly Aronovich,1996-12-21
574,Vickie Shurrocks,1983-06-24
575,Eyde Tracy,1963-02-13
576,Hamish Zuppa,1971-09-22
577,Dare de Broke,2000-01-20
578,Iain Kinnen,1996-10-24
579,Anatollo Dwire,1969-03-14
580,Kaine Seleway,1962-09-22
581,Erie Wombwell,1985-06-24
582,Glennis Bonds,1986-09-21
583,Vally Jeannard,1965-05-13
584,Hercules Pentelo,1959-09-14
585,Ulla Evennett,2000-09-28
586,Rurik Maleby,2001-10-18
587,Jessika Wanell,1956-04-30
588,Terry Gabb,1975-12-21
589,Malissia Ware,1963-10-16
590,Justina Hallahan,1967-08-18
591,Charlie Bampfield,1973-12-18
592,Addy Timbridge,1996-08-31
593,Hubey Normanton,1970-04-14
594,Mahmud Older,1973-05-30
595,Fraze Bixley,1954-08-26
596,Albertina Hawkeridge,1959-11-30
597,Cyndia Haynes,1990-09-28
598,Park Seawell,1983-05-14
599,Lilian Reisin,1987-03-28
600,Ewart Gronow,1954-04-22
601,Jaquelyn Waistall,1978-06-28
602,Evvy Burress,1966-07-31
603,Kara Lautie,1989-06-27
604,Tiffany Pigney,1958-05-14
605,Udell Keedwell,1983-04-23
606,Marabel Markos,1963-03-29
607,Terencio Ribbon,1993-01-19
608,Mychal Scholte,1984-05-30
609,Arlen Kunneke,1971-10-19
610,Essy Jentges,1960-01-28
611,Gun Monckton,1976-09-15
612,Arnoldo Kinnach,1959-08-23
613,Wrennie Wolfer,1966-11-27
614,Whit Cowans,1996-01-28
615,Ruperta Jervoise,1965-07-22
616,Tasha Di Bernardo,1952-10-25
617,Nev Dickman,1956-10-30
618,Isadore Mixture,1980-07-14
619,Matthus Ick,1969-03-31
620,Ranna Giddens,1980-11-18
621,Perceval von Grollmann,1996-05-31
622,Appolonia Becerra,1958-08-17
623,Tommie Ivens,1989-11-18
624,Marilin McMakin,1972-01-26
625,Antoni Allsopp,1969-02-14
626,Jordain De Vaan,1987-07-25
627,Janina Keay,1973-11-21
628,Hester Banghe,1951-05-27
629,Rosetta Rolfs,1964-07-19
630,Ester Scobbie,1970-04-26
631,Perl Points,1999-11-26
632,Ingamar Prier,1971-04-24
633,Hyacinthia Chadbourne,1980-07-25
634,Jonathan Lunney,1953-01-29
635,Kimball Fattori,1966-06-27
636,Jdavie Jeanes,1997-06-30
637,Dorice Crenshaw,1996-11-30
638,Veda McGuffie,1986-10-21
639,Farlee Bootman,1999-12-28
640,Sean Goodlatt,1986-03-16
641,Carl Szymanek,1972-09-13
642,Krisha Osgerby,1988-07-27
643,Lynna Gimlet,1959-10-15
644,Georgena Libermore,1969-01-20
645,Mata Holde,1972-10-27
646,Tani Ranald,1965-06-24
647,Hetty Dannohl,1980-05-17
648,Irwin Babst,1965-04-27
649,Filippa Chadbourne,1976-05-19
650,Jannel Cardow,1966-01-15
651,Mylo Grogan,1958-02-28
652,Kari Ranscomb,1961-01-19
653,Linc Wilkin,1996-02-13
654,Jonis Filby,2001-01-20
655,Aleta Cuddehay,1979-04-23
656,Elinor Mowlam,1979-08-29
657,Cissiee Pyner,1985-12-17
658,Georgie McAsgill,1959-10-26
659,Dianemarie Bruineman,1981-10-31
660,Beltran Leavey,1961-04-27
661,Stacy Wiersma,1979-08-28
662,Andy Diche,1984-07-20
663,Richmound Sobczak,1973-10-18
664,Alonzo Winton,1967-12-27
665,Celestyna Foulkes,1963-05-28
666,Kat Rabbe,1954-05-25
667,Scotty Daice,1956-07-29
668,Walt Borell,1992-10-30
669,Stephan Filov,1952-02-15
670,Stoddard Matley,1976-03-26
671,Lenora Cuttell,1976-06-23
672,Fonzie McDonagh,1954-12-17
673,Egan Coltart,1951-05-13
674,Ashby Gerrad,1986-12-25
675,Bradford Cook,1966-02-20
676,Gilligan Outhwaite,1955-05-22
677,Virgina Thor,1959-06-23
678,Clement Iglesias,1965-11-13
679,Madelyn Eginton,2000-08-26
680,Benni Cutriss,1955-08-27
681,Laryssa Ponder,2001-04-19
682,Kellen Enns,1967-10-30
683,Truda Syson,1996-05-31
684,Debera Gabbitas,1964-09-28
685,Wilone Vance,1975-08-26
686,Michele Pickance,1986-01-17
687,Perceval Mably,1983-05-29
688,Germayne Bartocci,1983-02-22
689,Adelaide Styche,1977-08-30
690,Geraldine Uttley,2001-07-13
691,Helli Gannicleff,1997-07-26
692,Cherri Buttel,1996-07-17
693,Basia Bartholin,1985-10-28
694,Harriet Cosbey,1989-03-19
695,Tiphany Leser,1954-07-20
696,Waldemar Grishkov,1996-02-23
697,Gannie Brandt,1982-08-18
698,Ira Cavanaugh,2000-07-16
699,Noble McMenamin,1974-06-21
700,Humfried Karslake,1987-06-21
701,Faydra Di Batista,1996-04-25
702,Aeriela Guihen,1963-11-27
703,Odessa Winspare,1992-09-21
704,Rainer Spraberry,1972-12-21
705,Fidelio Tamblingson,1997-04-29
706,Elke MacKnockiter,1951-07-26
707,Tricia Deam,1952-03-15
708,Isacco Cardwell,1970-06-27
709,Imogene Howick,1988-04-17
710,Danni Redmayne,2001-02-19
711,Kirstin Zahor,2000-09-18
712,Stevy Dockrell,1969-08-20
713,Talbot May,1985-12-25
714,Clemmie Pulley,1978-01-24
715,Hogan O'Corren,1998-05-19
716,Ken Hattersley,1989-12-14
717,Dory Marriott,1983-01-18
718,Ruthie Penney,1994-03-21
719,Chane Porker,1954-03-23
720,Buffy Rasmus,1993-09-22
721,Roda Willetts,1970-04-30
722,Kendal Lanahan,2000-03-19
723,Simona Dellenty,1955-02-17
724,Hildagarde Angric,1990-10-21
725,Eleonore Figge,1987-06-28
726,Tine Fiander,1988-06-27
727,Meryl Ingreda,1984-04-25
728,Ivie Wickes,1999-03-14
729,Alwin Lortzing,1991-02-19
730,Dottie Daddow,1955-11-15
731,Barrie Ruggiero,1976-11-28
732,Konstantine Bethel,1957-04-22
733,Nanny D'Oyly,1989-02-18
734,Renaldo Andryushin,1970-07-17
735,Eward Redmell,1986-10-27
736,Smitty Meeny,1956-11-13
737,Dino Soares,1982-02-25
738,Kellen Decayette,1998-05-21
739,Godiva Alwell,1980-03-27
740,Sibley Catmull,1987-07-19
741,Nicolina Borel,1981-08-20
742,Sigismond Simenel,1975-06-13
743,Tiffani Peers,1982-01-17
744,Ingaborg Jamson,1972-09-18
745,Lazar McDunlevy,1991-12-28
746,Suzanna Kynastone,1956-05-26
747,Kenon Fairbrother,1968-10-21
748,Ron Hopkyns,1962-05-25
749,Geoffry Thurstance,1960-06-23
750,Lovell Covotto,1995-10-29
751,Archie Bruck,1977-12-26
752,Willem Kellock,1980-06-30
753,Briney Beecker,1962-11-13
754,Helsa Burde,1975-09-27
755,Rosita Adolthine,1972-09-14
756,Jeri Bakeup,1997-08-18
757,Jennifer Greguol,1974-05-30
758,Rodolfo Reid,1975-08-24
759,Saunders Lipprose,2000-12-17
760,Arabelle Mitie,1982-01-22
761,Darill Hawse,1983-02-28
762,Daryle Mesant,1960-12-13
763,Helena Dymott,2000-02-25
764,Brannon Brandts,1967-05-17
765,Gisela Clears,1962-10-31
766,Graeme Tolemache,1982-10-31
767,Winny Purver,2001-10-26
768,Jobi Tabourier,1967-03-29
769,Calley Utting,1994-06-21
770,Deloria Barrowclough,1963-05-26
771,Merrill Blew,1987-01-28
772,Hendrika Meys,1954-09-24
773,Lida Pavelin,1963-08-15
774,Ximenes Bosma,1960-01-16
775,Melita Ledgerton,1994-03-30
776,Frederick Froome,1985-03-27
777,Rubetta Berwick,1994-10-15
778,Winny Topaz,1993-03-19
779,Ines Bluschke,1978-03-18
780,Noell Henriques,1993-11-28
781,Myra Oehme,1984-01-30
782,Clevie Bowers,1952-08-14
783,Sibelle Robarts,1974-05-29
784,Luella Rice,1982-11-20
785,Galen Lune,1965-09-24
786,Kalle Dawe,1998-10-23
787,Filia Fearn,1977-07-18
788,Kristofer Klaes,1986-09-22
789,Kellina Stopher,1963-10-28
790,Darcy Lidgertwood,1994-08-16
791,Lyndel Kelle,1970-11-17
792,Paquito Jaan,1987-05-17
793,Zebulon Beastall,1968-08-13
794,Sondra Cozzi,1965-07-17
795,Alfreda Muck,1979-10-19
796,Odessa Philipp,1953-10-21
797,Bertrand Phipps,1973-10-24
798,Eloisa Orrum,1962-10-25
799,Dermot Tooby,1987-09-18
800,Mavra Knibb,1971-04-17
801,Ardene Castle,1952-03-18
802,Kennedy Visick,1982-03-13
803,Bowie Crawforth,1994-09-28
804,Karylin Ballinghall,1964-05-28
805,Remus Hearst,1990-12-15
806,Nester Skipworth,1982-06-13
807,Rubia Nottram,1983-12-28
808,Bradan Giovannini,1957-01-24
809,Jodi Hassard,1963-11-30
810,Simone Morch,1953-01-14
811,Florri Guido,1954-07-13
812,Zachery Huchot,1993-08-13
813,Cyndi Tayloe,1969-05-14
814,Isiahi McKeney,1967-06-27
815,Ellette Besemer,1960-04-15
816,Theodoric Jelfs,1996-12-21
817,Steffane Gribbell,1983-06-24
818,Kalil Palay,1963-02-13
819,Quinton Burborough,1971-09-22
820,Berny Snipe,2000-01-20
821,Tresa Unitt,1996-10-24
822,Dee Headford,1969-03-14
823,Dyan Firth,1962-09-22
824,Anastasia Caskey,1985-06-24
825,Sarge Trippett,1986-09-21
826,Horacio Moodycliffe,1965-05-13
827,Editha Tegeller,1959-09-14
828,Ernesta Leamy,2000-09-28
829,Genovera Pate,2001-10-18
830,Kameko Titheridge,1956-04-30
831,Zackariah Cran,1975-12-21
832,Adel Shotter,1963-10-16
833,Dotty Blamire,1967-08-18
834,Fulton Roycraft,1973-12-18
835,Ryon Brellin,1996-08-31
836,Bernette Glossop,1970-04-14
837,Joyan Ellcome,1973-05-30
838,Cammi Gaddes,1954-08-26
839,Foss McMenamin,1959-11-30
840,Lewiss Kilpatrick,1991-12-28
841,Valentia Chelley,1956-05-26
842,Eugenia Smitham,1968-10-21
843,Alphonse Fleetwood,1962-05-25
844,Davine Blissett,1960-06-23
845,Sam Ovett,1995-10-29
846,Paul Goodburn,1977-12-26
847,Jacky Goublier,1980-06-30
848,Bennie Carik,1962-11-13
849,Eudora Spencelayh,1975-09-27
850,Diana Treadway,1972-09-14
851,Sergei Hawkeswood,1997-08-18
852,Yoshi Tylor,1974-05-30
853,Kaitlynn Dodsworth,1975-08-24
854,Mead Hischke,2000-12-17
855,Clayborne Munt,1982-01-22
856,Delilah Marlow,1983-02-28
857,Tallia Twinberrow,1960-12-13
858,Dotty Skingle,2000-02-25
859,Jonie Wem,1967-05-17
860,Nisse Balchin,1962-10-31
861,Teddy Harbour,1982-10-31
862,Christophorus Eshmade,2001-10-26
863,Marcelline Cecil,1967-03-29
864,Hillel Jorden,1994-06-21
865,Leslie Seemmonds,1963-05-26
866,Bart McCormack,1987-01-28
867,Tammi Mannix,1954-09-24
868,Kimberlyn Furby,1963-08-15
869,Adiana Lippi,1960-01-16
870,Rianon Ashe,1994-03-30
871,Marlin Shakshaft,1985-03-27
872,Erroll Meller,1994-10-15
873,Riley Bartrap,1993-03-19
874,Kinny Estabrook,1978-03-18
875,Arlette Derbyshire,1993-11-28
876,Rafa Blackshaw,1984-01-30
877,Bobbie Linnemann,1952-08-14
878,Sheelagh Loughton,1974-05-29
879,Sergei Itzkov,1982-11-20
880,Riki Schrieves,1965-09-24
881,Amandi Meredyth,1998-10-23
882,Merl Beardmore,1977-07-18
883,Blanca Goede,1986-09-22
884,Ive Cristofolo,1963-10-28
885,Rob Novotni,1994-08-16
886,Jill Harmour,1970-11-17
887,Hinze Blaxter,1987-05-17
888,Roxana Mccaull,1968-08-13
889,Vail Bourke,1965-07-17
890,Corri Keems,1979-10-19
891,Bobby MacQueen,1953-10-21
892,Pietro Jenoure,1973-10-24
893,Caryn Dicks,1962-10-25
894,Fara Leatherbarrow,1987-09-18
895,Rudd McKeran,1971-04-17
896,Lucky Shakspeare,1952-03-18
897,Wynnie Grund,1982-03-13
898,Riordan Linstead,1994-09-28
899,Sibella Elloit,1964-05-28
900,Norrie Blundon,1990-12-15
901,Barret Shortan,1982-06-13
902,Alexio Giblin,1983-12-28
903,Engelbert Scirman,1957-01-24
904,Hillyer Skeemer,1963-11-30
905,Gabriel Roderigo,1953-01-14
906,Bjorn Ranklin,1954-07-13
907,Zachary Johnson,1993-08-13
908,Phebe Spafford,1969-05-14
909,Lew Orum,1967-06-27
910,Joanie Polin,1960-04-15
911,Goldarina Meletti,1996-12-21
912,Katy Sealeaf,1983-06-24
913,Jewelle Rimes,1963-02-13
914,Opal McUre,1971-09-22
915,Melamie Dulson,2000-01-20
916,Jessamine Blackman,1996-10-24
917,Tabbatha O'Cleary,1969-03-14
918,Ara Titterton,1962-09-22
919,Hillery Rebillard,1985-06-24
920,Faina Cuxon,1986-09-21
921,Modestine Meir,1965-05-13
922,Gaelan Bauckham,1959-09-14
923,Nata Thornham,2000-09-28
924,Dav Bythway,2001-10-18
925,Mickie Carstairs,1956-04-30
926,Harrietta Garoghan,1975-12-21
927,Wallie Vallentin,1963-10-16
928,Elli Wootton,1967-08-18
929,Shadow Gillings,1973-12-18
930,Bo Durtnall,1996-08-31
931,Cookie Bainbrigge,1970-04-14
932,Suellen Fautly,1973-05-30
933,Sherline MacCaull,1954-08-26
934,Rosco Tarquinio,1959-11-30
935,Rikki Birkbeck,1962-10-25
936,Nessy Poate,1987-09-18
937,Temp Cay,1971-04-17
938,Ara Mounsey,1952-03-18
939,Adorne Naerup,1982-03-13
940,Julianne Cragoe,1994-09-28
941,Daron Wordesworth,1964-05-28
942,Meredithe Drayton,1990-12-15
943,Vi Wheelan,1982-06-13
944,Mozes Gagan,1983-12-28
945,Mae Adelman,1957-01-24
946,Garik Armitage,1963-11-30
947,Amory Andryunin,1953-01-14
948,Zach Morena,1954-07-13
949,Rocky Redsall,1993-08-13
950,Stanislaus Baraja,1969-05-14
951,Marlo Glencorse,1967-06-27
952,Penelopa Tebbett,1960-04-15
953,Jeffy Provost,1996-12-21
954,Myranda Borne,1983-06-24
955,Rudie Congrave,1963-02-13
956,Tobe Ghidoli,1971-09-22
957,Hana Babonau,2000-01-20
958,Cletis Beard,1996-10-24
959,Grace Mecco,1969-03-14
960,Dewitt Pinwell,1962-09-22
961,Adda Melmeth,1985-06-24
962,Gilli Conn,1986-09-21
963,Violette Wickey,1965-05-13
964,Bear Braddick,1959-09-14
965,Leonard Jakoviljevic,2000-09-28
966,Thorsten Tabbernor,2001-10-18
967,Huntley Phelipeau,1956-04-30
968,Gordan Dank,1975-12-21
969,Jeromy Mullarkey,1963-10-16
970,Codie Liccardo,1967-08-18
971,Asa Hollyar,1973-12-18
972,Anthia Alenin,1996-08-31
973,Ole Rubenov,1970-04-14
974,Stefan Mellings,1973-05-30
975,Shadow Jollye,1954-08-26
976,Rafi Semonin,1959-11-30
977,See Rushbrook,1965-05-13
978,Joanne Purselowe,1959-09-14
979,Aloysius Prickett,2000-09-28
980,Ned Kingsworth,2001-10-18
981,Margarette Baird,1956-04-30
982,Lucinda Spens,1975-12-21
983,Ermin Inett,1963-10-16
984,Riobard Chaston,1967-08-18
985,Alameda Guswell,1973-12-18
986,Sandy Schneidau,1996-08-31
987,Salomone Rathbourne,1970-04-14
988,Klement Sheringham,1973-05-30
989,Barrie Di Roberto,1954-08-26
990,Ash Senyard,1959-11-30
991,Giles Quare,1973-12-18
992,Tudor Remon,1996-08-31
993,Rikki McBrearty,1970-04-14
994,Colette Firpi,1973-05-30
995,Trix Burditt,1954-08-26
996,Delores O'Rodane,1959-11-30
997,Karissa Tesdale,1973-05-30
998,Kalinda Iannitti,1954-08-26
999,Chicky MacGillavery,1959-11-30
1000,Iona Hirth,1973-08-06
