genre_id,genre_name
1,est phasellus sit amet erat nulla tempus vivamus in felis eu
2,sollicitudin mi sit amet lobortis sapien sapien non mi integer ac neque duis bibendum morbi non
3,magna vulputate luctus cum sociis natoque penatibus et magnis dis parturient montes
4,praesent blandit lacinia erat vestibulum sed magna at nunc commodo placerat praesent blandit nam nulla integer pede justo
5,sem mauris laoreet ut rhoncus aliquet pulvinar sed nisl nunc rhoncus
6,ac consequat metus sapien ut nunc vestibulum ante ipsum primis in faucibus orci luctus et
7,dui maecenas tristique est et tempus semper est quam pharetra magna ac consequat metus sapien ut nunc vestibulum ante
8,porta volutpat erat quisque erat eros viverra eget congue eget semper
9,augue luctus tincidunt nulla mollis molestie lorem quisque ut erat curabitur gravida nisi at nibh
10,quis lectus suspendisse potenti in eleifend quam a odio in hac habitasse platea dictumst maecenas ut massa quis augue luctus
11,ut nulla sed accumsan felis ut at dolor quis odio consequat varius integer ac
12,lacus morbi sem mauris laoreet ut rhoncus aliquet pulvinar sed nisl nunc rhoncus
13,lorem ipsum dolor sit amet consectetuer adipiscing elit proin risus praesent lectus vestibulum quam sapien varius
14,quis orci eget orci vehicula condimentum curabitur in libero ut massa
15,metus vitae ipsum aliquam non mauris morbi non lectus aliquam
16,neque duis bibendum morbi non quam nec dui luctus rutrum nulla tellus in sagittis dui
17,neque aenean auctor gravida sem praesent id massa id nisl
18,porta volutpat quam pede lobortis ligula sit amet eleifend pede libero
19,molestie nibh in lectus pellentesque at nulla suspendisse potenti cras in purus eu magna vulputate luctus cum
20,volutpat quam pede lobortis ligula sit amet eleifend pede libero quis orci nullam molestie nibh in lectus pellentesque at nulla
21,quam fringilla rhoncus mauris enim leo rhoncus sed vestibulum sit amet
22,ac tellus semper interdum mauris ullamcorper purus sit amet nulla quisque arcu libero rutrum
23,sit amet diam in magna bibendum imperdiet nullam orci pede venenatis non sodales sed tincidunt eu felis fusce posuere
24,interdum mauris ullamcorper purus sit amet nulla quisque arcu libero
25,vestibulum rutrum rutrum neque aenean auctor gravida sem praesent id
26,ultrices posuere cubilia curae nulla dapibus dolor vel est donec odio justo sollicitudin ut suscipit a
27,neque sapien placerat ante nulla justo aliquam quis turpis eget elit sodales scelerisque mauris sit amet eros suspendisse accumsan tortor
28,lacus purus aliquet at feugiat non pretium quis lectus suspendisse potenti in eleifend quam a odio in hac habitasse platea
29,nunc vestibulum ante ipsum primis in faucibus orci luctus et
30,dapibus dolor vel est donec odio justo sollicitudin ut suscipit a feugiat et eros vestibulum
31,tempus sit amet sem fusce consequat nulla nisl nunc nisl duis bibendum felis sed
32,consectetuer adipiscing elit proin interdum mauris non ligula pellentesque ultrices phasellus id
33,tortor risus dapibus augue vel accumsan tellus nisi eu orci mauris lacinia sapien quis libero nullam sit amet turpis elementum
34,habitasse platea dictumst maecenas ut massa quis augue luctus tincidunt nulla mollis molestie lorem
35,elementum in hac habitasse platea dictumst morbi vestibulum velit id pretium iaculis diam erat fermentum justo
36,porta volutpat quam pede lobortis ligula sit amet eleifend pede libero quis
37,amet consectetuer adipiscing elit proin risus praesent lectus vestibulum quam sapien varius ut blandit non interdum in ante vestibulum
38,pellentesque ultrices mattis odio donec vitae nisi nam ultrices libero non mattis pulvinar nulla pede ullamcorper augue
39,nonummy integer non velit donec diam neque vestibulum eget vulputate ut ultrices
40,placerat praesent blandit nam nulla integer pede justo lacinia eget tincidunt eget tempus vel pede morbi porttitor
41,non pretium quis lectus suspendisse potenti in eleifend quam a odio in hac habitasse platea
42,vel nulla eget eros elementum pellentesque quisque porta volutpat erat quisque erat eros viverra eget congue eget semper
43,suscipit nulla elit ac nulla sed vel enim sit amet
44,luctus tincidunt nulla mollis molestie lorem quisque ut erat curabitur gravida nisi at nibh in hac
45,semper rutrum nulla nunc purus phasellus in felis donec semper sapien a libero nam dui proin
46,dui maecenas tristique est et tempus semper est quam pharetra magna ac consequat metus sapien ut nunc vestibulum ante
47,blandit nam nulla integer pede justo lacinia eget tincidunt eget tempus vel pede morbi porttitor
48,natoque penatibus et magnis dis parturient montes nascetur ridiculus mus vivamus vestibulum
49,pellentesque quisque porta volutpat erat quisque erat eros viverra eget congue eget semper rutrum
50,nulla facilisi cras non velit nec nisi vulputate nonummy maecenas tincidunt lacus at velit vivamus vel nulla
51,turpis a pede posuere nonummy integer non velit donec diam neque vestibulum eget vulputate ut ultrices vel
52,consequat nulla nisl nunc nisl duis bibendum felis sed interdum venenatis turpis enim blandit mi in porttitor pede justo
53,pede justo eu massa donec dapibus duis at velit eu est congue elementum in hac habitasse platea dictumst morbi
54,bibendum morbi non quam nec dui luctus rutrum nulla tellus in sagittis dui vel nisl duis
55,non lectus aliquam sit amet diam in magna bibendum imperdiet nullam orci pede venenatis non sodales sed tincidunt eu
56,vel ipsum praesent blandit lacinia erat vestibulum sed magna at nunc commodo placerat praesent blandit nam nulla
57,in hac habitasse platea dictumst morbi vestibulum velit id pretium iaculis
58,pulvinar lobortis est phasellus sit amet erat nulla tempus vivamus in felis eu sapien cursus vestibulum
59,nunc viverra dapibus nulla suscipit ligula in lacus curabitur at ipsum ac tellus semper interdum mauris
60,pulvinar nulla pede ullamcorper augue a suscipit nulla elit ac nulla sed vel enim
61,vestibulum rutrum rutrum neque aenean auctor gravida sem praesent id massa id nisl venenatis lacinia aenean sit amet justo morbi
62,tincidunt ante vel ipsum praesent blandit lacinia erat vestibulum sed magna at nunc commodo placerat praesent blandit nam nulla
63,non velit donec diam neque vestibulum eget vulputate ut ultrices vel augue vestibulum ante ipsum primis in faucibus
64,imperdiet et commodo vulputate justo in blandit ultrices enim lorem ipsum dolor
65,consequat nulla nisl nunc nisl duis bibendum felis sed interdum venenatis turpis enim blandit mi in
66,egestas metus aenean fermentum donec ut mauris eget massa tempor convallis nulla neque libero convallis eget eleifend luctus ultricies eu
67,at velit vivamus vel nulla eget eros elementum pellentesque quisque porta volutpat erat quisque erat
68,at turpis donec posuere metus vitae ipsum aliquam non mauris morbi non lectus aliquam
69,dui proin leo odio porttitor id consequat in consequat ut nulla sed accumsan felis ut
70,maecenas leo odio condimentum id luctus nec molestie sed justo pellentesque viverra pede ac diam
71,pellentesque quisque porta volutpat erat quisque erat eros viverra eget congue eget semper rutrum nulla nunc purus phasellus
72,commodo vulputate justo in blandit ultrices enim lorem ipsum dolor sit amet consectetuer adipiscing elit proin interdum mauris
73,cum sociis natoque penatibus et magnis dis parturient montes nascetur
74,integer pede justo lacinia eget tincidunt eget tempus vel pede morbi porttitor lorem id ligula suspendisse ornare consequat lectus in
75,maecenas rhoncus aliquam lacus morbi quis tortor id nulla ultrices aliquet maecenas leo odio condimentum id
76,volutpat dui maecenas tristique est et tempus semper est quam pharetra magna ac consequat metus
77,amet cursus id turpis integer aliquet massa id lobortis convallis tortor risus dapibus augue vel accumsan tellus nisi eu
78,pharetra magna ac consequat metus sapien ut nunc vestibulum ante ipsum
79,dis parturient montes nascetur ridiculus mus vivamus vestibulum sagittis sapien cum sociis natoque penatibus et magnis dis
80,convallis morbi odio odio elementum eu interdum eu tincidunt in leo maecenas pulvinar lobortis est phasellus
81,sapien quis libero nullam sit amet turpis elementum ligula vehicula consequat morbi a
82,eros vestibulum ac est lacinia nisi venenatis tristique fusce congue diam id ornare
83,tincidunt eget tempus vel pede morbi porttitor lorem id ligula suspendisse ornare consequat lectus in est risus
84,vel augue vestibulum ante ipsum primis in faucibus orci luctus et ultrices
85,nunc commodo placerat praesent blandit nam nulla integer pede justo lacinia eget tincidunt eget
86,morbi quis tortor id nulla ultrices aliquet maecenas leo odio condimentum id luctus nec molestie sed
87,at lorem integer tincidunt ante vel ipsum praesent blandit lacinia erat vestibulum sed magna
88,convallis nulla neque libero convallis eget eleifend luctus ultricies eu nibh quisque id justo sit amet sapien dignissim vestibulum
89,quam turpis adipiscing lorem vitae mattis nibh ligula nec sem duis aliquam convallis nunc
90,odio in hac habitasse platea dictumst maecenas ut massa quis augue luctus tincidunt nulla mollis molestie lorem quisque ut erat
91,justo etiam pretium iaculis justo in hac habitasse platea dictumst etiam faucibus cursus urna
92,in faucibus orci luctus et ultrices posuere cubilia curae mauris viverra diam vitae quam suspendisse potenti nullam porttitor lacus
93,cum sociis natoque penatibus et magnis dis parturient montes nascetur ridiculus mus etiam vel augue vestibulum rutrum
94,non sodales sed tincidunt eu felis fusce posuere felis sed lacus morbi
95,pede ullamcorper augue a suscipit nulla elit ac nulla sed vel enim sit
96,nisl venenatis lacinia aenean sit amet justo morbi ut odio
97,natoque penatibus et magnis dis parturient montes nascetur ridiculus mus vivamus vestibulum sagittis
98,quis tortor id nulla ultrices aliquet maecenas leo odio condimentum id luctus
99,blandit lacinia erat vestibulum sed magna at nunc commodo placerat praesent blandit nam nulla integer pede justo
100,eu est congue elementum in hac habitasse platea dictumst morbi vestibulum velit id
101,risus semper porta volutpat quam pede lobortis ligula sit amet eleifend pede
102,ante nulla justo aliquam quis turpis eget elit sodales scelerisque mauris
103,parturient montes nascetur ridiculus mus vivamus vestibulum sagittis sapien cum
104,dui proin leo odio porttitor id consequat in consequat ut nulla sed accumsan felis ut
105,nullam varius nulla facilisi cras non velit nec nisi vulputate
106,interdum mauris non ligula pellentesque ultrices phasellus id sapien in sapien iaculis congue vivamus
107,in felis eu sapien cursus vestibulum proin eu mi nulla ac enim in
108,posuere cubilia curae donec pharetra magna vestibulum aliquet ultrices erat tortor sollicitudin mi sit
109,nulla pede ullamcorper augue a suscipit nulla elit ac nulla sed vel enim sit amet
110,nibh in hac habitasse platea dictumst aliquam augue quam sollicitudin vitae consectetuer eget rutrum at lorem integer tincidunt ante vel
111,suspendisse ornare consequat lectus in est risus auctor sed tristique in
112,eu massa donec dapibus duis at velit eu est congue elementum in
113,augue aliquam erat volutpat in congue etiam justo etiam pretium iaculis
114,eget elit sodales scelerisque mauris sit amet eros suspendisse accumsan tortor quis turpis sed ante vivamus tortor duis mattis
115,habitasse platea dictumst maecenas ut massa quis augue luctus tincidunt nulla mollis molestie lorem quisque ut
116,ut massa quis augue luctus tincidunt nulla mollis molestie lorem quisque ut erat curabitur gravida nisi
117,id nulla ultrices aliquet maecenas leo odio condimentum id luctus nec molestie
118,nunc rhoncus dui vel sem sed sagittis nam congue risus semper porta volutpat quam pede lobortis ligula sit
119,sed augue aliquam erat volutpat in congue etiam justo etiam pretium iaculis justo in hac habitasse platea
120,et ultrices posuere cubilia curae donec pharetra magna vestibulum aliquet ultrices
121,habitasse platea dictumst morbi vestibulum velit id pretium iaculis diam erat fermentum
122,iaculis congue vivamus metus arcu adipiscing molestie hendrerit at vulputate vitae nisl aenean
123,semper porta volutpat quam pede lobortis ligula sit amet eleifend pede libero quis orci nullam
124,congue risus semper porta volutpat quam pede lobortis ligula sit amet eleifend pede libero quis
125,varius ut blandit non interdum in ante vestibulum ante ipsum primis in faucibus orci luctus et ultrices
126,rhoncus mauris enim leo rhoncus sed vestibulum sit amet cursus id turpis integer aliquet massa
127,nulla ultrices aliquet maecenas leo odio condimentum id luctus nec molestie
128,sagittis nam congue risus semper porta volutpat quam pede lobortis ligula sit amet eleifend pede libero quis orci
129,justo sollicitudin ut suscipit a feugiat et eros vestibulum ac est lacinia nisi
130,magna at nunc commodo placerat praesent blandit nam nulla integer pede justo lacinia eget
131,placerat praesent blandit nam nulla integer pede justo lacinia eget
132,nisl duis ac nibh fusce lacus purus aliquet at feugiat non pretium quis lectus suspendisse potenti in eleifend
133,vivamus metus arcu adipiscing molestie hendrerit at vulputate vitae nisl aenean lectus pellentesque eget nunc donec
134,est donec odio justo sollicitudin ut suscipit a feugiat et eros vestibulum ac est lacinia nisi venenatis tristique
135,vivamus metus arcu adipiscing molestie hendrerit at vulputate vitae nisl aenean lectus pellentesque eget nunc donec quis orci eget
136,sagittis dui vel nisl duis ac nibh fusce lacus purus aliquet at feugiat non pretium
137,integer non velit donec diam neque vestibulum eget vulputate ut ultrices vel
138,vestibulum vestibulum ante ipsum primis in faucibus orci luctus et
139,tincidunt nulla mollis molestie lorem quisque ut erat curabitur gravida nisi at nibh in hac habitasse platea
140,turpis a pede posuere nonummy integer non velit donec diam neque vestibulum
141,aliquam quis turpis eget elit sodales scelerisque mauris sit amet
142,sapien varius ut blandit non interdum in ante vestibulum ante ipsum primis in faucibus orci luctus et ultrices posuere
143,sit amet sapien dignissim vestibulum vestibulum ante ipsum primis in faucibus orci luctus et ultrices posuere
144,euismod scelerisque quam turpis adipiscing lorem vitae mattis nibh ligula nec sem
145,venenatis turpis enim blandit mi in porttitor pede justo eu massa donec dapibus duis at velit eu est
146,rutrum rutrum neque aenean auctor gravida sem praesent id massa id nisl
147,malesuada in imperdiet et commodo vulputate justo in blandit ultrices enim lorem ipsum dolor sit amet consectetuer adipiscing elit proin
148,amet turpis elementum ligula vehicula consequat morbi a ipsum integer a nibh in quis
149,urna pretium nisl ut volutpat sapien arcu sed augue aliquam erat volutpat in congue etiam
150,sapien cursus vestibulum proin eu mi nulla ac enim in tempor turpis nec euismod scelerisque quam turpis adipiscing lorem vitae
151,fringilla rhoncus mauris enim leo rhoncus sed vestibulum sit amet cursus id
152,volutpat eleifend donec ut dolor morbi vel lectus in quam
153,a nibh in quis justo maecenas rhoncus aliquam lacus morbi quis tortor id nulla ultrices aliquet
154,luctus et ultrices posuere cubilia curae duis faucibus accumsan odio curabitur convallis duis consequat dui
155,in hac habitasse platea dictumst etiam faucibus cursus urna ut tellus nulla ut erat id
156,magna bibendum imperdiet nullam orci pede venenatis non sodales sed
157,porttitor id consequat in consequat ut nulla sed accumsan felis ut at dolor quis odio consequat
158,nulla mollis molestie lorem quisque ut erat curabitur gravida nisi at nibh in hac habitasse
159,vestibulum ante ipsum primis in faucibus orci luctus et ultrices posuere cubilia curae
160,luctus et ultrices posuere cubilia curae donec pharetra magna vestibulum aliquet ultrices erat tortor
161,montes nascetur ridiculus mus etiam vel augue vestibulum rutrum rutrum neque aenean auctor gravida sem
162,sollicitudin vitae consectetuer eget rutrum at lorem integer tincidunt ante vel ipsum praesent blandit lacinia erat vestibulum sed magna at
163,praesent blandit nam nulla integer pede justo lacinia eget tincidunt eget tempus vel pede morbi porttitor lorem id ligula
164,et ultrices posuere cubilia curae mauris viverra diam vitae quam suspendisse potenti nullam porttitor lacus at turpis donec posuere
165,dolor sit amet consectetuer adipiscing elit proin interdum mauris non ligula pellentesque
166,mauris sit amet eros suspendisse accumsan tortor quis turpis sed
167,vulputate ut ultrices vel augue vestibulum ante ipsum primis in faucibus orci luctus et ultrices posuere cubilia
168,metus arcu adipiscing molestie hendrerit at vulputate vitae nisl aenean lectus pellentesque eget nunc
169,nulla ac enim in tempor turpis nec euismod scelerisque quam
170,at turpis donec posuere metus vitae ipsum aliquam non mauris morbi non lectus aliquam sit amet diam in magna
171,tristique in tempus sit amet sem fusce consequat nulla nisl nunc nisl duis bibendum felis sed
172,maecenas pulvinar lobortis est phasellus sit amet erat nulla tempus vivamus in felis eu sapien cursus vestibulum
173,cras mi pede malesuada in imperdiet et commodo vulputate justo in blandit ultrices enim lorem ipsum dolor
174,ac nulla sed vel enim sit amet nunc viverra dapibus nulla suscipit ligula
175,consectetuer eget rutrum at lorem integer tincidunt ante vel ipsum praesent blandit lacinia erat vestibulum sed magna
176,morbi vestibulum velit id pretium iaculis diam erat fermentum justo nec condimentum
177,ut nunc vestibulum ante ipsum primis in faucibus orci luctus et ultrices
178,ipsum primis in faucibus orci luctus et ultrices posuere cubilia curae mauris viverra diam vitae quam suspendisse potenti
179,quis orci nullam molestie nibh in lectus pellentesque at nulla suspendisse potenti cras
180,justo aliquam quis turpis eget elit sodales scelerisque mauris sit amet eros suspendisse accumsan tortor quis turpis sed
181,in hac habitasse platea dictumst maecenas ut massa quis augue luctus tincidunt nulla mollis molestie lorem
182,aliquam augue quam sollicitudin vitae consectetuer eget rutrum at lorem
183,vitae nisl aenean lectus pellentesque eget nunc donec quis orci eget orci vehicula condimentum curabitur in libero ut massa
184,a pede posuere nonummy integer non velit donec diam neque vestibulum eget vulputate ut ultrices vel augue vestibulum ante
185,faucibus orci luctus et ultrices posuere cubilia curae nulla dapibus dolor
186,molestie nibh in lectus pellentesque at nulla suspendisse potenti cras in
187,phasellus id sapien in sapien iaculis congue vivamus metus arcu adipiscing molestie
188,nunc rhoncus dui vel sem sed sagittis nam congue risus semper porta volutpat quam
189,eleifend luctus ultricies eu nibh quisque id justo sit amet sapien
190,phasellus id sapien in sapien iaculis congue vivamus metus arcu adipiscing
191,in consequat ut nulla sed accumsan felis ut at dolor quis odio
192,cum sociis natoque penatibus et magnis dis parturient montes nascetur ridiculus mus vivamus vestibulum sagittis sapien cum sociis natoque
193,a odio in hac habitasse platea dictumst maecenas ut massa quis augue luctus tincidunt
194,lorem id ligula suspendisse ornare consequat lectus in est risus auctor sed tristique
195,nulla ultrices aliquet maecenas leo odio condimentum id luctus nec molestie sed justo pellentesque viverra pede
196,in blandit ultrices enim lorem ipsum dolor sit amet consectetuer
197,neque duis bibendum morbi non quam nec dui luctus rutrum nulla tellus in sagittis dui vel nisl duis
198,congue elementum in hac habitasse platea dictumst morbi vestibulum velit id pretium iaculis diam erat fermentum
199,odio donec vitae nisi nam ultrices libero non mattis pulvinar nulla pede ullamcorper augue a suscipit nulla elit ac nulla
200,elementum ligula vehicula consequat morbi a ipsum integer a nibh in quis justo maecenas rhoncus
201,justo eu massa donec dapibus duis at velit eu est congue elementum in hac
202,nec molestie sed justo pellentesque viverra pede ac diam cras pellentesque volutpat
203,pellentesque at nulla suspendisse potenti cras in purus eu magna vulputate luctus cum sociis natoque
204,ac est lacinia nisi venenatis tristique fusce congue diam id ornare imperdiet
205,porttitor id consequat in consequat ut nulla sed accumsan felis ut at dolor
206,vulputate nonummy maecenas tincidunt lacus at velit vivamus vel nulla eget eros elementum pellentesque quisque porta volutpat
207,mattis odio donec vitae nisi nam ultrices libero non mattis pulvinar nulla pede ullamcorper augue a suscipit nulla elit ac
208,faucibus accumsan odio curabitur convallis duis consequat dui nec nisi
209,id massa id nisl venenatis lacinia aenean sit amet justo morbi ut odio cras
210,pellentesque ultrices phasellus id sapien in sapien iaculis congue vivamus metus arcu adipiscing molestie hendrerit at vulputate vitae nisl aenean
211,ut massa volutpat convallis morbi odio odio elementum eu interdum eu tincidunt
212,donec ut mauris eget massa tempor convallis nulla neque libero convallis
213,sagittis nam congue risus semper porta volutpat quam pede lobortis ligula sit amet eleifend pede libero quis
214,lectus in quam fringilla rhoncus mauris enim leo rhoncus sed vestibulum sit amet cursus id turpis integer
215,mattis nibh ligula nec sem duis aliquam convallis nunc proin at turpis a pede
216,vehicula condimentum curabitur in libero ut massa volutpat convallis morbi odio
217,nulla dapibus dolor vel est donec odio justo sollicitudin ut suscipit a feugiat et eros vestibulum ac est
218,vehicula condimentum curabitur in libero ut massa volutpat convallis morbi odio odio elementum eu interdum eu tincidunt in leo maecenas
219,sed tristique in tempus sit amet sem fusce consequat nulla nisl nunc nisl duis
220,nullam porttitor lacus at turpis donec posuere metus vitae ipsum aliquam non mauris morbi
221,luctus et ultrices posuere cubilia curae mauris viverra diam vitae quam suspendisse potenti nullam porttitor lacus
222,magna at nunc commodo placerat praesent blandit nam nulla integer pede justo lacinia eget tincidunt eget tempus
223,eget tempus vel pede morbi porttitor lorem id ligula suspendisse ornare
224,quisque porta volutpat erat quisque erat eros viverra eget congue eget semper rutrum nulla nunc purus phasellus in felis
225,eleifend pede libero quis orci nullam molestie nibh in lectus pellentesque
226,mattis nibh ligula nec sem duis aliquam convallis nunc proin at turpis a pede posuere nonummy integer non velit donec
227,nisi at nibh in hac habitasse platea dictumst aliquam augue quam sollicitudin vitae consectetuer eget rutrum
228,nulla justo aliquam quis turpis eget elit sodales scelerisque mauris sit amet eros
229,massa volutpat convallis morbi odio odio elementum eu interdum eu tincidunt in
230,eget elit sodales scelerisque mauris sit amet eros suspendisse accumsan tortor quis turpis sed ante vivamus
231,adipiscing lorem vitae mattis nibh ligula nec sem duis aliquam convallis nunc proin at turpis
232,sed tristique in tempus sit amet sem fusce consequat nulla nisl nunc nisl duis bibendum
233,ut at dolor quis odio consequat varius integer ac leo pellentesque ultrices mattis odio donec vitae nisi nam ultrices
234,ridiculus mus etiam vel augue vestibulum rutrum rutrum neque aenean auctor gravida sem praesent id massa id nisl venenatis lacinia
235,ipsum primis in faucibus orci luctus et ultrices posuere cubilia curae mauris viverra diam vitae quam suspendisse potenti nullam porttitor
236,ultrices aliquet maecenas leo odio condimentum id luctus nec molestie sed justo pellentesque viverra
237,arcu adipiscing molestie hendrerit at vulputate vitae nisl aenean lectus pellentesque eget nunc
238,elementum nullam varius nulla facilisi cras non velit nec nisi
239,duis at velit eu est congue elementum in hac habitasse platea
240,in quis justo maecenas rhoncus aliquam lacus morbi quis tortor id nulla ultrices aliquet maecenas leo odio
241,orci vehicula condimentum curabitur in libero ut massa volutpat convallis morbi odio odio elementum eu interdum eu tincidunt in
242,enim sit amet nunc viverra dapibus nulla suscipit ligula in lacus curabitur at
243,libero ut massa volutpat convallis morbi odio odio elementum eu interdum eu tincidunt in leo maecenas pulvinar
244,accumsan felis ut at dolor quis odio consequat varius integer
245,mattis odio donec vitae nisi nam ultrices libero non mattis pulvinar nulla pede ullamcorper augue a
246,integer pede justo lacinia eget tincidunt eget tempus vel pede morbi porttitor lorem id ligula suspendisse ornare consequat
247,nullam orci pede venenatis non sodales sed tincidunt eu felis fusce posuere felis sed lacus morbi sem mauris laoreet ut
248,cubilia curae duis faucibus accumsan odio curabitur convallis duis consequat dui nec nisi volutpat eleifend donec ut dolor morbi vel
249,mus etiam vel augue vestibulum rutrum rutrum neque aenean auctor gravida sem praesent id massa
250,id sapien in sapien iaculis congue vivamus metus arcu adipiscing molestie hendrerit
251,eleifend pede libero quis orci nullam molestie nibh in lectus
252,vel augue vestibulum ante ipsum primis in faucibus orci luctus et ultrices posuere cubilia curae donec pharetra magna vestibulum
253,etiam justo etiam pretium iaculis justo in hac habitasse platea dictumst
254,in consequat ut nulla sed accumsan felis ut at dolor quis
255,amet consectetuer adipiscing elit proin interdum mauris non ligula pellentesque ultrices phasellus id sapien
256,amet eros suspendisse accumsan tortor quis turpis sed ante vivamus tortor
257,amet consectetuer adipiscing elit proin interdum mauris non ligula pellentesque ultrices phasellus id sapien in
258,nunc commodo placerat praesent blandit nam nulla integer pede justo
259,volutpat sapien arcu sed augue aliquam erat volutpat in congue etiam justo etiam
260,faucibus orci luctus et ultrices posuere cubilia curae mauris viverra diam vitae quam suspendisse potenti
261,morbi non quam nec dui luctus rutrum nulla tellus in sagittis dui vel
262,sit amet consectetuer adipiscing elit proin risus praesent lectus vestibulum
263,nullam porttitor lacus at turpis donec posuere metus vitae ipsum aliquam non mauris morbi non lectus aliquam sit amet diam
264,eget vulputate ut ultrices vel augue vestibulum ante ipsum primis in
265,velit donec diam neque vestibulum eget vulputate ut ultrices vel augue vestibulum ante ipsum primis in faucibus
266,tempus semper est quam pharetra magna ac consequat metus sapien ut
267,amet nulla quisque arcu libero rutrum ac lobortis vel dapibus at diam
268,donec vitae nisi nam ultrices libero non mattis pulvinar nulla
269,vulputate ut ultrices vel augue vestibulum ante ipsum primis in
270,dui proin leo odio porttitor id consequat in consequat ut nulla sed accumsan felis ut at
271,cubilia curae nulla dapibus dolor vel est donec odio justo sollicitudin
272,amet turpis elementum ligula vehicula consequat morbi a ipsum integer a
273,velit id pretium iaculis diam erat fermentum justo nec condimentum neque sapien placerat ante nulla
274,erat id mauris vulputate elementum nullam varius nulla facilisi cras non velit nec nisi vulputate
275,sagittis sapien cum sociis natoque penatibus et magnis dis parturient montes nascetur
276,aliquam convallis nunc proin at turpis a pede posuere nonummy integer non velit donec diam neque vestibulum eget vulputate
277,vestibulum ante ipsum primis in faucibus orci luctus et ultrices posuere
278,nisl nunc nisl duis bibendum felis sed interdum venenatis turpis enim blandit mi in porttitor pede justo
279,vestibulum ante ipsum primis in faucibus orci luctus et ultrices posuere
280,vitae mattis nibh ligula nec sem duis aliquam convallis nunc proin at turpis a
281,duis ac nibh fusce lacus purus aliquet at feugiat non pretium quis
282,in tempor turpis nec euismod scelerisque quam turpis adipiscing lorem vitae mattis nibh
283,eget rutrum at lorem integer tincidunt ante vel ipsum praesent blandit lacinia erat vestibulum sed magna
284,porttitor id consequat in consequat ut nulla sed accumsan felis ut at dolor
285,fermentum donec ut mauris eget massa tempor convallis nulla neque libero convallis eget eleifend luctus ultricies eu nibh
286,nullam varius nulla facilisi cras non velit nec nisi vulputate nonummy maecenas
287,ante vestibulum ante ipsum primis in faucibus orci luctus et ultrices posuere cubilia curae duis faucibus
288,in sapien iaculis congue vivamus metus arcu adipiscing molestie hendrerit at
289,vestibulum rutrum rutrum neque aenean auctor gravida sem praesent id massa id nisl venenatis lacinia aenean sit amet
290,pede venenatis non sodales sed tincidunt eu felis fusce posuere felis sed lacus morbi sem mauris laoreet ut rhoncus aliquet
291,lorem id ligula suspendisse ornare consequat lectus in est risus auctor sed tristique in tempus sit amet
292,ut suscipit a feugiat et eros vestibulum ac est lacinia nisi venenatis tristique fusce
293,rutrum rutrum neque aenean auctor gravida sem praesent id massa id nisl venenatis lacinia aenean sit amet justo
294,elementum nullam varius nulla facilisi cras non velit nec nisi vulputate nonummy maecenas tincidunt lacus
295,dis parturient montes nascetur ridiculus mus etiam vel augue vestibulum rutrum rutrum
296,in tempus sit amet sem fusce consequat nulla nisl nunc nisl duis bibendum felis sed interdum venenatis
297,molestie hendrerit at vulputate vitae nisl aenean lectus pellentesque eget nunc donec quis orci
298,nam dui proin leo odio porttitor id consequat in consequat ut nulla
299,eu sapien cursus vestibulum proin eu mi nulla ac enim in tempor turpis nec euismod scelerisque quam turpis
300,at nulla suspendisse potenti cras in purus eu magna vulputate luctus cum sociis natoque penatibus et magnis
301,dignissim vestibulum vestibulum ante ipsum primis in faucibus orci luctus et
302,sed sagittis nam congue risus semper porta volutpat quam pede lobortis
303,pede ac diam cras pellentesque volutpat dui maecenas tristique est et tempus semper est quam pharetra magna
304,ac nulla sed vel enim sit amet nunc viverra dapibus nulla
305,orci nullam molestie nibh in lectus pellentesque at nulla suspendisse potenti cras
306,hac habitasse platea dictumst aliquam augue quam sollicitudin vitae consectetuer eget rutrum at lorem integer tincidunt ante
307,libero ut massa volutpat convallis morbi odio odio elementum eu interdum eu tincidunt in leo maecenas pulvinar
308,vulputate justo in blandit ultrices enim lorem ipsum dolor sit
309,habitasse platea dictumst morbi vestibulum velit id pretium iaculis diam erat fermentum justo nec condimentum neque sapien
310,lacus curabitur at ipsum ac tellus semper interdum mauris ullamcorper purus sit
311,vulputate nonummy maecenas tincidunt lacus at velit vivamus vel nulla
312,tincidunt nulla mollis molestie lorem quisque ut erat curabitur gravida nisi at nibh in
313,posuere cubilia curae duis faucibus accumsan odio curabitur convallis duis consequat dui nec nisi
314,sit amet erat nulla tempus vivamus in felis eu sapien cursus vestibulum proin eu mi nulla ac enim in tempor
315,lobortis sapien sapien non mi integer ac neque duis bibendum
316,ut rhoncus aliquet pulvinar sed nisl nunc rhoncus dui vel sem sed sagittis nam congue
317,enim blandit mi in porttitor pede justo eu massa donec dapibus duis at velit eu est congue elementum
318,eu massa donec dapibus duis at velit eu est congue elementum in hac habitasse
319,mauris viverra diam vitae quam suspendisse potenti nullam porttitor lacus at turpis donec posuere metus vitae ipsum
320,vulputate luctus cum sociis natoque penatibus et magnis dis parturient montes nascetur ridiculus mus vivamus vestibulum sagittis sapien
321,morbi ut odio cras mi pede malesuada in imperdiet et commodo
322,cubilia curae nulla dapibus dolor vel est donec odio justo sollicitudin ut suscipit a feugiat et eros vestibulum ac
323,in imperdiet et commodo vulputate justo in blandit ultrices enim lorem ipsum
324,quisque porta volutpat erat quisque erat eros viverra eget congue eget semper rutrum nulla nunc purus
325,consectetuer adipiscing elit proin interdum mauris non ligula pellentesque ultrices phasellus id sapien in sapien
326,mattis pulvinar nulla pede ullamcorper augue a suscipit nulla elit ac nulla sed vel enim sit amet nunc viverra dapibus
327,quis turpis sed ante vivamus tortor duis mattis egestas metus aenean fermentum donec ut mauris eget massa tempor convallis
328,turpis eget elit sodales scelerisque mauris sit amet eros suspendisse accumsan tortor
329,ut odio cras mi pede malesuada in imperdiet et commodo vulputate justo in blandit ultrices enim lorem ipsum
330,dui proin leo odio porttitor id consequat in consequat ut nulla sed accumsan
331,in blandit ultrices enim lorem ipsum dolor sit amet consectetuer adipiscing elit
332,faucibus orci luctus et ultrices posuere cubilia curae duis faucibus accumsan odio curabitur convallis duis consequat dui nec
333,orci luctus et ultrices posuere cubilia curae donec pharetra magna vestibulum
334,nisl duis ac nibh fusce lacus purus aliquet at feugiat non pretium quis lectus suspendisse potenti in eleifend quam
335,libero nam dui proin leo odio porttitor id consequat in consequat
336,vitae ipsum aliquam non mauris morbi non lectus aliquam sit amet diam
337,nunc vestibulum ante ipsum primis in faucibus orci luctus et ultrices posuere cubilia curae
338,nullam sit amet turpis elementum ligula vehicula consequat morbi a ipsum integer a nibh
339,at turpis a pede posuere nonummy integer non velit donec
340,id pretium iaculis diam erat fermentum justo nec condimentum neque sapien placerat ante nulla justo aliquam quis turpis
341,lobortis ligula sit amet eleifend pede libero quis orci nullam molestie nibh in lectus
342,id sapien in sapien iaculis congue vivamus metus arcu adipiscing molestie hendrerit at vulputate vitae nisl aenean lectus pellentesque
343,donec pharetra magna vestibulum aliquet ultrices erat tortor sollicitudin mi sit amet lobortis sapien
344,ante vivamus tortor duis mattis egestas metus aenean fermentum donec ut
345,vestibulum velit id pretium iaculis diam erat fermentum justo nec condimentum neque sapien placerat
346,ut nunc vestibulum ante ipsum primis in faucibus orci luctus et ultrices posuere cubilia curae mauris viverra diam
347,est donec odio justo sollicitudin ut suscipit a feugiat et eros vestibulum
348,orci eget orci vehicula condimentum curabitur in libero ut massa
349,quis tortor id nulla ultrices aliquet maecenas leo odio condimentum id luctus nec molestie sed justo
350,aliquam augue quam sollicitudin vitae consectetuer eget rutrum at lorem integer tincidunt
351,phasellus id sapien in sapien iaculis congue vivamus metus arcu
352,ut at dolor quis odio consequat varius integer ac leo pellentesque ultrices mattis odio donec vitae nisi nam ultrices libero
353,dictumst aliquam augue quam sollicitudin vitae consectetuer eget rutrum at lorem integer tincidunt ante vel ipsum praesent
354,pellentesque ultrices mattis odio donec vitae nisi nam ultrices libero
355,ut nunc vestibulum ante ipsum primis in faucibus orci luctus et ultrices posuere cubilia curae mauris
356,in ante vestibulum ante ipsum primis in faucibus orci luctus et ultrices posuere cubilia curae duis faucibus accumsan odio curabitur
357,luctus rutrum nulla tellus in sagittis dui vel nisl duis ac
358,tristique fusce congue diam id ornare imperdiet sapien urna pretium nisl ut volutpat sapien arcu sed augue
359,eget eleifend luctus ultricies eu nibh quisque id justo sit amet sapien dignissim vestibulum vestibulum ante ipsum primis in
360,praesent id massa id nisl venenatis lacinia aenean sit amet justo morbi ut odio cras
361,vitae quam suspendisse potenti nullam porttitor lacus at turpis donec posuere metus vitae ipsum aliquam non mauris
362,ipsum ac tellus semper interdum mauris ullamcorper purus sit amet nulla quisque
363,egestas metus aenean fermentum donec ut mauris eget massa tempor convallis nulla neque libero convallis eget eleifend
364,aliquam erat volutpat in congue etiam justo etiam pretium iaculis justo
365,praesent lectus vestibulum quam sapien varius ut blandit non interdum in ante vestibulum ante ipsum primis in faucibus orci
366,nunc purus phasellus in felis donec semper sapien a libero nam
367,suscipit nulla elit ac nulla sed vel enim sit amet nunc viverra dapibus nulla suscipit ligula in lacus curabitur
368,cursus urna ut tellus nulla ut erat id mauris vulputate
369,sed lacus morbi sem mauris laoreet ut rhoncus aliquet pulvinar
370,sed tincidunt eu felis fusce posuere felis sed lacus morbi sem mauris laoreet
371,eleifend pede libero quis orci nullam molestie nibh in lectus pellentesque at nulla suspendisse potenti cras in purus
372,purus phasellus in felis donec semper sapien a libero nam dui proin leo odio porttitor id consequat
373,amet eleifend pede libero quis orci nullam molestie nibh in lectus pellentesque at nulla suspendisse potenti cras in
374,vestibulum ante ipsum primis in faucibus orci luctus et ultrices posuere cubilia curae mauris viverra diam vitae quam suspendisse
375,auctor sed tristique in tempus sit amet sem fusce consequat nulla nisl nunc nisl duis bibendum felis
376,erat id mauris vulputate elementum nullam varius nulla facilisi cras non velit nec nisi vulputate
377,nisi volutpat eleifend donec ut dolor morbi vel lectus in quam fringilla rhoncus mauris enim leo rhoncus sed vestibulum
378,non lectus aliquam sit amet diam in magna bibendum imperdiet nullam orci pede venenatis non
379,morbi non quam nec dui luctus rutrum nulla tellus in sagittis dui vel nisl duis ac nibh
380,ut nulla sed accumsan felis ut at dolor quis odio consequat varius
381,semper interdum mauris ullamcorper purus sit amet nulla quisque arcu libero rutrum ac lobortis vel dapibus
382,fusce posuere felis sed lacus morbi sem mauris laoreet ut rhoncus aliquet pulvinar sed nisl nunc
383,ligula suspendisse ornare consequat lectus in est risus auctor sed tristique in tempus
384,eros suspendisse accumsan tortor quis turpis sed ante vivamus tortor
385,vestibulum vestibulum ante ipsum primis in faucibus orci luctus et
386,phasellus sit amet erat nulla tempus vivamus in felis eu sapien cursus vestibulum proin eu
387,pellentesque eget nunc donec quis orci eget orci vehicula condimentum curabitur in libero ut massa volutpat
388,at ipsum ac tellus semper interdum mauris ullamcorper purus sit amet
389,cursus id turpis integer aliquet massa id lobortis convallis tortor risus dapibus augue vel
390,vivamus in felis eu sapien cursus vestibulum proin eu mi nulla ac enim in tempor
391,tempus vivamus in felis eu sapien cursus vestibulum proin eu mi nulla ac
392,maecenas pulvinar lobortis est phasellus sit amet erat nulla tempus vivamus in felis eu sapien cursus vestibulum proin eu mi
393,vestibulum eget vulputate ut ultrices vel augue vestibulum ante ipsum primis in faucibus orci
394,vulputate vitae nisl aenean lectus pellentesque eget nunc donec quis orci
395,nulla nunc purus phasellus in felis donec semper sapien a libero nam dui proin leo odio porttitor id consequat
396,eget eleifend luctus ultricies eu nibh quisque id justo sit amet sapien dignissim
397,aliquet massa id lobortis convallis tortor risus dapibus augue vel accumsan tellus nisi eu orci mauris lacinia sapien
398,laoreet ut rhoncus aliquet pulvinar sed nisl nunc rhoncus dui vel sem sed sagittis nam congue risus semper porta
399,ornare imperdiet sapien urna pretium nisl ut volutpat sapien arcu sed
400,quisque arcu libero rutrum ac lobortis vel dapibus at diam nam tristique tortor eu pede
401,praesent id massa id nisl venenatis lacinia aenean sit amet justo morbi ut odio cras mi
402,curabitur gravida nisi at nibh in hac habitasse platea dictumst aliquam augue quam
403,feugiat et eros vestibulum ac est lacinia nisi venenatis tristique fusce congue
404,varius integer ac leo pellentesque ultrices mattis odio donec vitae nisi nam ultrices libero non mattis pulvinar nulla
405,et ultrices posuere cubilia curae donec pharetra magna vestibulum aliquet ultrices erat tortor sollicitudin mi sit amet
406,libero non mattis pulvinar nulla pede ullamcorper augue a suscipit
407,suscipit a feugiat et eros vestibulum ac est lacinia nisi venenatis tristique fusce congue
408,vitae nisl aenean lectus pellentesque eget nunc donec quis orci eget orci vehicula condimentum curabitur in libero ut
409,volutpat quam pede lobortis ligula sit amet eleifend pede libero
410,ac consequat metus sapien ut nunc vestibulum ante ipsum primis in faucibus orci luctus
411,sit amet nulla quisque arcu libero rutrum ac lobortis vel dapibus at diam nam
412,potenti cras in purus eu magna vulputate luctus cum sociis natoque penatibus et magnis dis
413,quis lectus suspendisse potenti in eleifend quam a odio in hac habitasse platea dictumst
414,fringilla rhoncus mauris enim leo rhoncus sed vestibulum sit amet cursus id turpis integer aliquet massa id lobortis
415,at velit vivamus vel nulla eget eros elementum pellentesque quisque porta volutpat erat quisque erat eros viverra eget congue
416,in quam fringilla rhoncus mauris enim leo rhoncus sed vestibulum sit amet cursus id turpis integer aliquet massa
417,nam dui proin leo odio porttitor id consequat in consequat ut nulla sed accumsan felis ut at
418,iaculis congue vivamus metus arcu adipiscing molestie hendrerit at vulputate vitae nisl aenean
419,turpis a pede posuere nonummy integer non velit donec diam neque vestibulum eget vulputate
420,dapibus augue vel accumsan tellus nisi eu orci mauris lacinia sapien quis libero nullam sit amet
421,ac tellus semper interdum mauris ullamcorper purus sit amet nulla quisque
422,lectus in est risus auctor sed tristique in tempus sit
423,justo morbi ut odio cras mi pede malesuada in imperdiet
424,diam vitae quam suspendisse potenti nullam porttitor lacus at turpis donec posuere metus
425,massa quis augue luctus tincidunt nulla mollis molestie lorem quisque ut erat curabitur gravida nisi at nibh
426,mauris lacinia sapien quis libero nullam sit amet turpis elementum ligula vehicula consequat morbi a ipsum integer a nibh in
427,proin interdum mauris non ligula pellentesque ultrices phasellus id sapien in sapien iaculis congue vivamus metus arcu
428,ut massa volutpat convallis morbi odio odio elementum eu interdum eu tincidunt in leo maecenas pulvinar lobortis est phasellus sit
429,ac nulla sed vel enim sit amet nunc viverra dapibus nulla suscipit ligula in lacus
430,mi sit amet lobortis sapien sapien non mi integer ac neque duis bibendum morbi non
431,augue luctus tincidunt nulla mollis molestie lorem quisque ut erat curabitur gravida nisi at nibh
432,semper sapien a libero nam dui proin leo odio porttitor id
433,est lacinia nisi venenatis tristique fusce congue diam id ornare imperdiet
434,sit amet lobortis sapien sapien non mi integer ac neque duis
435,in porttitor pede justo eu massa donec dapibus duis at velit eu est congue elementum in hac habitasse platea
436,dictumst aliquam augue quam sollicitudin vitae consectetuer eget rutrum at lorem integer tincidunt ante vel ipsum praesent
437,id turpis integer aliquet massa id lobortis convallis tortor risus dapibus augue
438,ante nulla justo aliquam quis turpis eget elit sodales scelerisque
439,nam ultrices libero non mattis pulvinar nulla pede ullamcorper augue a suscipit nulla elit ac nulla sed vel enim
440,feugiat non pretium quis lectus suspendisse potenti in eleifend quam a odio in hac habitasse
441,sed magna at nunc commodo placerat praesent blandit nam nulla integer pede justo lacinia eget tincidunt eget tempus
442,turpis adipiscing lorem vitae mattis nibh ligula nec sem duis aliquam convallis nunc proin
443,hendrerit at vulputate vitae nisl aenean lectus pellentesque eget nunc donec quis orci eget orci vehicula
444,ultricies eu nibh quisque id justo sit amet sapien dignissim vestibulum vestibulum ante ipsum primis in faucibus orci luctus
445,sollicitudin vitae consectetuer eget rutrum at lorem integer tincidunt ante vel ipsum praesent blandit
446,tellus nisi eu orci mauris lacinia sapien quis libero nullam
447,quis justo maecenas rhoncus aliquam lacus morbi quis tortor id nulla ultrices aliquet maecenas leo odio condimentum id
448,viverra dapibus nulla suscipit ligula in lacus curabitur at ipsum
449,justo etiam pretium iaculis justo in hac habitasse platea dictumst etiam faucibus cursus urna
450,suspendisse ornare consequat lectus in est risus auctor sed tristique in tempus sit
451,erat eros viverra eget congue eget semper rutrum nulla nunc purus phasellus in felis
452,suscipit nulla elit ac nulla sed vel enim sit amet nunc viverra dapibus
453,consectetuer eget rutrum at lorem integer tincidunt ante vel ipsum
454,orci vehicula condimentum curabitur in libero ut massa volutpat convallis morbi odio odio elementum
455,diam in magna bibendum imperdiet nullam orci pede venenatis non sodales sed tincidunt eu felis
456,ac est lacinia nisi venenatis tristique fusce congue diam id ornare imperdiet sapien urna pretium nisl ut
457,lacinia erat vestibulum sed magna at nunc commodo placerat praesent blandit nam nulla integer pede justo lacinia eget tincidunt
458,tempor convallis nulla neque libero convallis eget eleifend luctus ultricies eu nibh quisque id justo sit amet
459,eu interdum eu tincidunt in leo maecenas pulvinar lobortis est phasellus sit amet erat nulla tempus vivamus in felis eu
460,turpis integer aliquet massa id lobortis convallis tortor risus dapibus augue vel accumsan tellus nisi eu orci mauris lacinia sapien
461,ac nibh fusce lacus purus aliquet at feugiat non pretium quis
462,turpis a pede posuere nonummy integer non velit donec diam
463,vehicula condimentum curabitur in libero ut massa volutpat convallis morbi odio odio elementum eu interdum eu tincidunt in leo
464,tortor id nulla ultrices aliquet maecenas leo odio condimentum id luctus nec molestie sed justo pellentesque
465,odio donec vitae nisi nam ultrices libero non mattis pulvinar nulla pede
466,ac diam cras pellentesque volutpat dui maecenas tristique est et tempus semper est quam pharetra magna ac consequat metus sapien
467,sapien varius ut blandit non interdum in ante vestibulum ante ipsum primis in faucibus orci luctus et ultrices posuere
468,mauris sit amet eros suspendisse accumsan tortor quis turpis sed ante vivamus tortor duis mattis egestas metus aenean fermentum
469,suscipit ligula in lacus curabitur at ipsum ac tellus semper interdum mauris ullamcorper purus sit amet
470,vulputate luctus cum sociis natoque penatibus et magnis dis parturient montes
471,pede venenatis non sodales sed tincidunt eu felis fusce posuere felis sed lacus morbi sem mauris
472,magna at nunc commodo placerat praesent blandit nam nulla integer pede
473,at lorem integer tincidunt ante vel ipsum praesent blandit lacinia erat
474,rutrum rutrum neque aenean auctor gravida sem praesent id massa id nisl venenatis lacinia aenean sit amet justo morbi
475,vulputate nonummy maecenas tincidunt lacus at velit vivamus vel nulla
476,odio elementum eu interdum eu tincidunt in leo maecenas pulvinar lobortis est phasellus sit amet erat nulla tempus
477,ipsum aliquam non mauris morbi non lectus aliquam sit amet diam in magna bibendum imperdiet nullam
478,turpis adipiscing lorem vitae mattis nibh ligula nec sem duis aliquam convallis
479,libero ut massa volutpat convallis morbi odio odio elementum eu interdum
480,vestibulum rutrum rutrum neque aenean auctor gravida sem praesent id massa id nisl venenatis lacinia aenean sit amet justo morbi
481,donec diam neque vestibulum eget vulputate ut ultrices vel augue vestibulum
482,scelerisque quam turpis adipiscing lorem vitae mattis nibh ligula nec sem duis
483,odio consequat varius integer ac leo pellentesque ultrices mattis odio donec vitae nisi nam ultrices libero
484,semper interdum mauris ullamcorper purus sit amet nulla quisque arcu libero
485,ut erat curabitur gravida nisi at nibh in hac habitasse
486,eget tincidunt eget tempus vel pede morbi porttitor lorem id ligula suspendisse ornare consequat lectus in est
487,aliquet at feugiat non pretium quis lectus suspendisse potenti in eleifend quam a odio in hac habitasse platea dictumst maecenas
488,neque aenean auctor gravida sem praesent id massa id nisl venenatis lacinia aenean sit amet
489,venenatis lacinia aenean sit amet justo morbi ut odio cras mi pede malesuada in imperdiet et commodo
490,nibh in lectus pellentesque at nulla suspendisse potenti cras in purus eu magna
491,phasellus in felis donec semper sapien a libero nam dui proin leo odio porttitor id
492,quam sapien varius ut blandit non interdum in ante vestibulum ante ipsum primis in
493,nisl aenean lectus pellentesque eget nunc donec quis orci eget orci vehicula condimentum curabitur in libero ut massa
494,in eleifend quam a odio in hac habitasse platea dictumst maecenas ut massa
495,mauris morbi non lectus aliquam sit amet diam in magna bibendum
496,ligula pellentesque ultrices phasellus id sapien in sapien iaculis congue vivamus metus arcu adipiscing molestie hendrerit at vulputate
497,facilisi cras non velit nec nisi vulputate nonummy maecenas tincidunt lacus at velit vivamus vel nulla eget eros
498,accumsan tortor quis turpis sed ante vivamus tortor duis mattis egestas metus aenean fermentum
499,iaculis diam erat fermentum justo nec condimentum neque sapien placerat ante nulla justo aliquam quis turpis eget elit sodales scelerisque
500,purus phasellus in felis donec semper sapien a libero nam dui proin
501,libero rutrum ac lobortis vel dapibus at diam nam tristique
502,interdum mauris non ligula pellentesque ultrices phasellus id sapien in sapien iaculis congue vivamus metus arcu
503,dui nec nisi volutpat eleifend donec ut dolor morbi vel lectus in quam fringilla rhoncus
504,sed vestibulum sit amet cursus id turpis integer aliquet massa id
505,mauris laoreet ut rhoncus aliquet pulvinar sed nisl nunc rhoncus dui
506,interdum eu tincidunt in leo maecenas pulvinar lobortis est phasellus sit
507,faucibus orci luctus et ultrices posuere cubilia curae nulla dapibus dolor vel est donec odio justo sollicitudin
508,enim lorem ipsum dolor sit amet consectetuer adipiscing elit proin interdum mauris non ligula pellentesque ultrices phasellus
509,eget eleifend luctus ultricies eu nibh quisque id justo sit amet sapien dignissim vestibulum vestibulum
510,a ipsum integer a nibh in quis justo maecenas rhoncus aliquam lacus
511,in faucibus orci luctus et ultrices posuere cubilia curae nulla
512,purus aliquet at feugiat non pretium quis lectus suspendisse potenti in eleifend
513,ultrices erat tortor sollicitudin mi sit amet lobortis sapien sapien non mi integer ac neque duis bibendum morbi non
514,in felis donec semper sapien a libero nam dui proin leo odio porttitor id consequat in consequat
515,erat fermentum justo nec condimentum neque sapien placerat ante nulla justo aliquam quis turpis eget elit
516,vel accumsan tellus nisi eu orci mauris lacinia sapien quis libero nullam sit amet
517,nulla nisl nunc nisl duis bibendum felis sed interdum venenatis turpis enim blandit mi in porttitor pede justo
518,a nibh in quis justo maecenas rhoncus aliquam lacus morbi quis tortor id nulla
519,diam cras pellentesque volutpat dui maecenas tristique est et tempus semper est quam pharetra magna ac consequat
520,nec dui luctus rutrum nulla tellus in sagittis dui vel nisl duis ac
521,in felis eu sapien cursus vestibulum proin eu mi nulla ac enim in tempor turpis nec euismod scelerisque quam turpis
522,iaculis congue vivamus metus arcu adipiscing molestie hendrerit at vulputate vitae nisl aenean lectus pellentesque eget nunc donec
523,vulputate luctus cum sociis natoque penatibus et magnis dis parturient montes
524,mauris lacinia sapien quis libero nullam sit amet turpis elementum ligula vehicula consequat morbi a
525,ipsum primis in faucibus orci luctus et ultrices posuere cubilia curae nulla
526,justo aliquam quis turpis eget elit sodales scelerisque mauris sit amet eros suspendisse accumsan tortor quis
527,semper rutrum nulla nunc purus phasellus in felis donec semper sapien a libero nam dui proin
528,leo pellentesque ultrices mattis odio donec vitae nisi nam ultrices libero non mattis pulvinar nulla pede
529,montes nascetur ridiculus mus vivamus vestibulum sagittis sapien cum sociis natoque penatibus et magnis
530,aliquet massa id lobortis convallis tortor risus dapibus augue vel accumsan tellus nisi eu orci mauris lacinia sapien quis libero
531,dictumst maecenas ut massa quis augue luctus tincidunt nulla mollis molestie lorem quisque ut erat curabitur gravida nisi at nibh
532,vestibulum vestibulum ante ipsum primis in faucibus orci luctus et
533,hac habitasse platea dictumst aliquam augue quam sollicitudin vitae consectetuer eget rutrum at lorem integer tincidunt ante vel ipsum praesent
534,penatibus et magnis dis parturient montes nascetur ridiculus mus etiam vel augue vestibulum rutrum rutrum neque aenean auctor
535,diam erat fermentum justo nec condimentum neque sapien placerat ante nulla justo aliquam
536,lacinia erat vestibulum sed magna at nunc commodo placerat praesent blandit nam nulla integer
537,enim blandit mi in porttitor pede justo eu massa donec dapibus duis at velit eu est congue elementum in hac
538,luctus et ultrices posuere cubilia curae nulla dapibus dolor vel est
539,iaculis congue vivamus metus arcu adipiscing molestie hendrerit at vulputate vitae nisl aenean lectus pellentesque eget nunc donec quis orci
540,pulvinar lobortis est phasellus sit amet erat nulla tempus vivamus in felis eu sapien cursus vestibulum proin eu mi
541,vestibulum rutrum rutrum neque aenean auctor gravida sem praesent id massa id nisl venenatis lacinia
542,nulla tellus in sagittis dui vel nisl duis ac nibh
543,velit eu est congue elementum in hac habitasse platea dictumst morbi vestibulum velit id pretium
544,massa volutpat convallis morbi odio odio elementum eu interdum eu tincidunt in leo maecenas pulvinar lobortis
545,convallis eget eleifend luctus ultricies eu nibh quisque id justo sit amet
546,velit nec nisi vulputate nonummy maecenas tincidunt lacus at velit vivamus
547,nisi venenatis tristique fusce congue diam id ornare imperdiet sapien urna pretium nisl ut
548,volutpat in congue etiam justo etiam pretium iaculis justo in hac habitasse platea dictumst
549,mauris sit amet eros suspendisse accumsan tortor quis turpis sed ante vivamus tortor duis mattis
550,massa tempor convallis nulla neque libero convallis eget eleifend luctus ultricies eu nibh quisque id justo sit amet sapien dignissim
551,proin at turpis a pede posuere nonummy integer non velit donec
552,nullam orci pede venenatis non sodales sed tincidunt eu felis fusce posuere felis sed lacus morbi
553,ultrices posuere cubilia curae donec pharetra magna vestibulum aliquet ultrices erat tortor
554,vulputate justo in blandit ultrices enim lorem ipsum dolor sit amet
555,potenti cras in purus eu magna vulputate luctus cum sociis natoque penatibus et magnis
556,sem praesent id massa id nisl venenatis lacinia aenean sit amet justo morbi ut odio cras
557,justo etiam pretium iaculis justo in hac habitasse platea dictumst etiam faucibus cursus urna
558,amet nunc viverra dapibus nulla suscipit ligula in lacus curabitur at ipsum
559,ultrices mattis odio donec vitae nisi nam ultrices libero non
560,quisque arcu libero rutrum ac lobortis vel dapibus at diam nam tristique tortor eu
561,ipsum dolor sit amet consectetuer adipiscing elit proin interdum mauris non ligula pellentesque ultrices phasellus id sapien in
562,phasellus in felis donec semper sapien a libero nam dui proin leo odio porttitor
563,in magna bibendum imperdiet nullam orci pede venenatis non sodales sed
564,justo in blandit ultrices enim lorem ipsum dolor sit amet consectetuer adipiscing
565,sapien urna pretium nisl ut volutpat sapien arcu sed augue aliquam erat volutpat in congue
566,a suscipit nulla elit ac nulla sed vel enim sit amet nunc
567,viverra pede ac diam cras pellentesque volutpat dui maecenas tristique est et tempus semper est quam pharetra magna ac
568,tortor quis turpis sed ante vivamus tortor duis mattis egestas metus aenean
569,felis sed interdum venenatis turpis enim blandit mi in porttitor pede justo eu massa donec dapibus duis at
570,faucibus orci luctus et ultrices posuere cubilia curae nulla dapibus dolor vel est donec odio justo sollicitudin ut
571,donec pharetra magna vestibulum aliquet ultrices erat tortor sollicitudin mi sit amet lobortis sapien sapien
572,felis donec semper sapien a libero nam dui proin leo odio porttitor id consequat in
573,magna vestibulum aliquet ultrices erat tortor sollicitudin mi sit amet lobortis sapien sapien
574,quam turpis adipiscing lorem vitae mattis nibh ligula nec sem duis aliquam convallis nunc proin at turpis a pede
575,id pretium iaculis diam erat fermentum justo nec condimentum neque sapien placerat ante nulla justo aliquam quis turpis eget
576,nunc rhoncus dui vel sem sed sagittis nam congue risus semper porta volutpat quam pede lobortis
577,lacus purus aliquet at feugiat non pretium quis lectus suspendisse potenti in eleifend quam a odio in hac habitasse platea
578,rutrum ac lobortis vel dapibus at diam nam tristique tortor eu
579,dolor sit amet consectetuer adipiscing elit proin interdum mauris non ligula pellentesque ultrices phasellus id sapien in sapien iaculis
580,eget rutrum at lorem integer tincidunt ante vel ipsum praesent blandit lacinia erat vestibulum sed magna at nunc
581,sapien sapien non mi integer ac neque duis bibendum morbi non quam nec dui luctus rutrum nulla tellus in sagittis
582,ac nibh fusce lacus purus aliquet at feugiat non pretium quis lectus suspendisse potenti in eleifend
583,etiam faucibus cursus urna ut tellus nulla ut erat id mauris vulputate elementum nullam varius nulla facilisi cras non
584,vitae mattis nibh ligula nec sem duis aliquam convallis nunc
585,odio cras mi pede malesuada in imperdiet et commodo vulputate justo
586,cras mi pede malesuada in imperdiet et commodo vulputate justo in blandit ultrices enim lorem ipsum
587,et magnis dis parturient montes nascetur ridiculus mus etiam vel augue vestibulum rutrum rutrum neque aenean auctor gravida sem
588,integer a nibh in quis justo maecenas rhoncus aliquam lacus morbi quis tortor id nulla ultrices aliquet maecenas leo
589,mauris vulputate elementum nullam varius nulla facilisi cras non velit nec
590,vel augue vestibulum rutrum rutrum neque aenean auctor gravida sem praesent id massa id nisl venenatis
591,congue eget semper rutrum nulla nunc purus phasellus in felis donec semper sapien a libero nam dui proin leo odio
592,tempor convallis nulla neque libero convallis eget eleifend luctus ultricies eu nibh quisque id justo sit amet sapien dignissim
593,ipsum dolor sit amet consectetuer adipiscing elit proin interdum mauris non ligula pellentesque ultrices phasellus id
594,turpis eget elit sodales scelerisque mauris sit amet eros suspendisse accumsan tortor quis
595,est phasellus sit amet erat nulla tempus vivamus in felis eu sapien cursus vestibulum proin eu mi nulla ac
596,mauris sit amet eros suspendisse accumsan tortor quis turpis sed ante vivamus tortor duis mattis egestas metus aenean
597,enim lorem ipsum dolor sit amet consectetuer adipiscing elit proin interdum mauris non ligula pellentesque
598,id consequat in consequat ut nulla sed accumsan felis ut at dolor quis odio consequat
599,eget orci vehicula condimentum curabitur in libero ut massa volutpat convallis
600,nisi volutpat eleifend donec ut dolor morbi vel lectus in quam
601,blandit nam nulla integer pede justo lacinia eget tincidunt eget tempus vel pede morbi porttitor
602,sed tincidunt eu felis fusce posuere felis sed lacus morbi sem mauris laoreet ut
603,phasellus id sapien in sapien iaculis congue vivamus metus arcu adipiscing molestie hendrerit at
604,et ultrices posuere cubilia curae duis faucibus accumsan odio curabitur convallis duis consequat dui nec nisi volutpat eleifend
605,porta volutpat erat quisque erat eros viverra eget congue eget semper rutrum nulla nunc purus phasellus in felis donec semper
606,quam pede lobortis ligula sit amet eleifend pede libero quis orci
607,pellentesque ultrices phasellus id sapien in sapien iaculis congue vivamus metus arcu adipiscing molestie hendrerit at vulputate vitae nisl aenean
608,nibh quisque id justo sit amet sapien dignissim vestibulum vestibulum ante ipsum primis in
609,justo maecenas rhoncus aliquam lacus morbi quis tortor id nulla ultrices aliquet maecenas leo odio condimentum id luctus nec molestie
610,vestibulum ante ipsum primis in faucibus orci luctus et ultrices
611,iaculis congue vivamus metus arcu adipiscing molestie hendrerit at vulputate vitae nisl aenean
612,sit amet justo morbi ut odio cras mi pede malesuada
613,ut rhoncus aliquet pulvinar sed nisl nunc rhoncus dui vel sem sed sagittis nam congue risus semper porta
614,imperdiet sapien urna pretium nisl ut volutpat sapien arcu sed augue aliquam
615,ac leo pellentesque ultrices mattis odio donec vitae nisi nam ultrices libero non mattis pulvinar nulla pede ullamcorper augue
616,lectus pellentesque eget nunc donec quis orci eget orci vehicula condimentum curabitur in libero ut massa volutpat convallis morbi
617,faucibus orci luctus et ultrices posuere cubilia curae donec pharetra magna
618,dui vel nisl duis ac nibh fusce lacus purus aliquet at feugiat non pretium quis lectus
619,pede morbi porttitor lorem id ligula suspendisse ornare consequat lectus in est risus auctor sed tristique in tempus sit
620,nec molestie sed justo pellentesque viverra pede ac diam cras pellentesque volutpat dui maecenas tristique est
621,vel pede morbi porttitor lorem id ligula suspendisse ornare consequat lectus in
622,sollicitudin ut suscipit a feugiat et eros vestibulum ac est lacinia nisi venenatis
623,aliquam sit amet diam in magna bibendum imperdiet nullam orci pede venenatis non
624,donec quis orci eget orci vehicula condimentum curabitur in libero
625,pretium nisl ut volutpat sapien arcu sed augue aliquam erat volutpat in congue etiam justo etiam
626,sodales sed tincidunt eu felis fusce posuere felis sed lacus morbi sem mauris laoreet ut rhoncus aliquet pulvinar
627,justo morbi ut odio cras mi pede malesuada in imperdiet et commodo vulputate justo in blandit ultrices enim
628,volutpat in congue etiam justo etiam pretium iaculis justo in hac
629,phasellus sit amet erat nulla tempus vivamus in felis eu sapien cursus vestibulum proin eu mi nulla ac
630,enim leo rhoncus sed vestibulum sit amet cursus id turpis integer aliquet massa id lobortis convallis
631,nulla nunc purus phasellus in felis donec semper sapien a libero nam dui
632,nulla ac enim in tempor turpis nec euismod scelerisque quam turpis adipiscing lorem
633,primis in faucibus orci luctus et ultrices posuere cubilia curae
634,rhoncus mauris enim leo rhoncus sed vestibulum sit amet cursus id turpis integer aliquet massa id lobortis convallis
635,sed tristique in tempus sit amet sem fusce consequat nulla nisl nunc nisl duis bibendum felis sed
636,diam cras pellentesque volutpat dui maecenas tristique est et tempus semper est quam pharetra magna ac consequat metus sapien
637,ante ipsum primis in faucibus orci luctus et ultrices posuere cubilia curae duis faucibus accumsan odio curabitur convallis
638,nisl venenatis lacinia aenean sit amet justo morbi ut odio cras mi pede malesuada in imperdiet et commodo
639,posuere cubilia curae donec pharetra magna vestibulum aliquet ultrices erat tortor sollicitudin mi sit amet lobortis sapien sapien non mi
640,blandit nam nulla integer pede justo lacinia eget tincidunt eget tempus vel pede morbi porttitor lorem id ligula suspendisse
641,odio in hac habitasse platea dictumst maecenas ut massa quis
642,ut erat curabitur gravida nisi at nibh in hac habitasse platea dictumst aliquam augue quam sollicitudin vitae
643,sapien dignissim vestibulum vestibulum ante ipsum primis in faucibus orci luctus et ultrices posuere cubilia curae nulla dapibus dolor
644,tristique fusce congue diam id ornare imperdiet sapien urna pretium nisl ut
645,sit amet nunc viverra dapibus nulla suscipit ligula in lacus curabitur at ipsum
646,mauris sit amet eros suspendisse accumsan tortor quis turpis sed ante vivamus tortor duis mattis egestas metus aenean fermentum donec
647,egestas metus aenean fermentum donec ut mauris eget massa tempor convallis
648,nullam varius nulla facilisi cras non velit nec nisi vulputate nonummy
649,cum sociis natoque penatibus et magnis dis parturient montes nascetur ridiculus mus
650,tincidunt in leo maecenas pulvinar lobortis est phasellus sit amet
651,tortor quis turpis sed ante vivamus tortor duis mattis egestas metus
652,porttitor lacus at turpis donec posuere metus vitae ipsum aliquam
653,curabitur in libero ut massa volutpat convallis morbi odio odio elementum eu interdum eu tincidunt in leo
654,vel pede morbi porttitor lorem id ligula suspendisse ornare consequat lectus in est risus auctor sed
655,vestibulum quam sapien varius ut blandit non interdum in ante vestibulum ante ipsum primis in faucibus orci
656,molestie nibh in lectus pellentesque at nulla suspendisse potenti cras in purus
657,in porttitor pede justo eu massa donec dapibus duis at velit eu est congue
658,id consequat in consequat ut nulla sed accumsan felis ut at dolor quis odio consequat varius
659,ullamcorper purus sit amet nulla quisque arcu libero rutrum ac lobortis vel dapibus at
660,felis sed interdum venenatis turpis enim blandit mi in porttitor pede justo eu massa donec dapibus duis at velit eu
661,rutrum at lorem integer tincidunt ante vel ipsum praesent blandit lacinia erat vestibulum sed magna
662,nisl nunc rhoncus dui vel sem sed sagittis nam congue risus semper porta volutpat quam pede lobortis ligula
663,tincidunt lacus at velit vivamus vel nulla eget eros elementum
664,eu est congue elementum in hac habitasse platea dictumst morbi vestibulum velit id pretium iaculis diam erat
665,eros elementum pellentesque quisque porta volutpat erat quisque erat eros viverra eget congue
666,metus vitae ipsum aliquam non mauris morbi non lectus aliquam sit amet diam in magna
667,eget eleifend luctus ultricies eu nibh quisque id justo sit amet sapien dignissim vestibulum vestibulum ante ipsum
668,eleifend donec ut dolor morbi vel lectus in quam fringilla rhoncus mauris enim leo rhoncus sed
669,tincidunt eu felis fusce posuere felis sed lacus morbi sem mauris laoreet ut rhoncus aliquet pulvinar sed nisl
670,dignissim vestibulum vestibulum ante ipsum primis in faucibus orci luctus et ultrices posuere cubilia curae nulla dapibus
671,sem fusce consequat nulla nisl nunc nisl duis bibendum felis sed interdum venenatis turpis enim blandit mi in porttitor pede
672,amet sapien dignissim vestibulum vestibulum ante ipsum primis in faucibus orci luctus et ultrices posuere cubilia curae nulla
673,justo in hac habitasse platea dictumst etiam faucibus cursus urna ut tellus nulla ut erat id mauris
674,blandit nam nulla integer pede justo lacinia eget tincidunt eget
675,cum sociis natoque penatibus et magnis dis parturient montes nascetur ridiculus mus vivamus vestibulum sagittis sapien cum sociis natoque penatibus
676,risus auctor sed tristique in tempus sit amet sem fusce
677,porttitor pede justo eu massa donec dapibus duis at velit
678,vestibulum ante ipsum primis in faucibus orci luctus et ultrices posuere cubilia curae mauris
679,ultrices erat tortor sollicitudin mi sit amet lobortis sapien sapien non mi integer ac neque
680,lorem quisque ut erat curabitur gravida nisi at nibh in
681,integer aliquet massa id lobortis convallis tortor risus dapibus augue
682,accumsan felis ut at dolor quis odio consequat varius integer ac leo
683,odio justo sollicitudin ut suscipit a feugiat et eros vestibulum ac est lacinia nisi venenatis tristique fusce
684,nonummy integer non velit donec diam neque vestibulum eget vulputate ut ultrices vel augue vestibulum ante ipsum primis in faucibus
685,maecenas leo odio condimentum id luctus nec molestie sed justo pellentesque viverra pede ac diam cras pellentesque volutpat dui
686,metus sapien ut nunc vestibulum ante ipsum primis in faucibus orci luctus et ultrices posuere cubilia curae mauris viverra
687,morbi ut odio cras mi pede malesuada in imperdiet et commodo vulputate justo in blandit
688,suspendisse accumsan tortor quis turpis sed ante vivamus tortor duis mattis egestas metus aenean fermentum donec ut
689,ipsum primis in faucibus orci luctus et ultrices posuere cubilia curae mauris viverra diam vitae
690,mauris lacinia sapien quis libero nullam sit amet turpis elementum ligula
691,laoreet ut rhoncus aliquet pulvinar sed nisl nunc rhoncus dui vel sem sed sagittis nam congue
692,integer ac neque duis bibendum morbi non quam nec dui luctus rutrum nulla
693,sit amet erat nulla tempus vivamus in felis eu sapien cursus vestibulum proin eu mi nulla ac enim
694,orci luctus et ultrices posuere cubilia curae nulla dapibus dolor vel est donec odio justo sollicitudin ut suscipit
695,arcu libero rutrum ac lobortis vel dapibus at diam nam tristique tortor
696,amet erat nulla tempus vivamus in felis eu sapien cursus vestibulum proin eu
697,phasellus sit amet erat nulla tempus vivamus in felis eu sapien cursus vestibulum proin eu mi nulla ac
698,nec dui luctus rutrum nulla tellus in sagittis dui vel nisl duis ac nibh fusce lacus
699,morbi sem mauris laoreet ut rhoncus aliquet pulvinar sed nisl nunc rhoncus dui vel sem sed sagittis
700,dui vel nisl duis ac nibh fusce lacus purus aliquet at feugiat non pretium quis
701,ac tellus semper interdum mauris ullamcorper purus sit amet nulla
702,nullam varius nulla facilisi cras non velit nec nisi vulputate nonummy maecenas tincidunt
703,ligula in lacus curabitur at ipsum ac tellus semper interdum mauris
704,velit nec nisi vulputate nonummy maecenas tincidunt lacus at velit vivamus vel nulla eget eros
705,integer ac neque duis bibendum morbi non quam nec dui luctus rutrum nulla tellus in sagittis dui vel nisl
706,luctus nec molestie sed justo pellentesque viverra pede ac diam cras pellentesque
707,aenean auctor gravida sem praesent id massa id nisl venenatis lacinia aenean sit
708,parturient montes nascetur ridiculus mus etiam vel augue vestibulum rutrum rutrum neque aenean auctor
709,velit vivamus vel nulla eget eros elementum pellentesque quisque porta volutpat erat quisque erat eros viverra eget
710,libero nam dui proin leo odio porttitor id consequat in consequat ut nulla sed accumsan felis ut at
711,purus aliquet at feugiat non pretium quis lectus suspendisse potenti in eleifend quam a odio in
712,nisl nunc rhoncus dui vel sem sed sagittis nam congue risus semper
713,primis in faucibus orci luctus et ultrices posuere cubilia curae duis faucibus accumsan odio
714,vestibulum quam sapien varius ut blandit non interdum in ante vestibulum ante ipsum
715,mus vivamus vestibulum sagittis sapien cum sociis natoque penatibus et magnis dis parturient montes nascetur ridiculus mus
716,integer a nibh in quis justo maecenas rhoncus aliquam lacus morbi quis tortor id nulla ultrices aliquet maecenas leo
717,pretium iaculis justo in hac habitasse platea dictumst etiam faucibus cursus urna ut tellus nulla ut erat id mauris
718,morbi odio odio elementum eu interdum eu tincidunt in leo maecenas pulvinar lobortis est phasellus
719,sit amet cursus id turpis integer aliquet massa id lobortis convallis tortor risus dapibus augue vel accumsan tellus nisi
720,in sagittis dui vel nisl duis ac nibh fusce lacus purus aliquet at feugiat non pretium quis
721,cras mi pede malesuada in imperdiet et commodo vulputate justo in
722,interdum eu tincidunt in leo maecenas pulvinar lobortis est phasellus sit amet
723,varius ut blandit non interdum in ante vestibulum ante ipsum
724,ante vestibulum ante ipsum primis in faucibus orci luctus et ultrices
725,morbi non quam nec dui luctus rutrum nulla tellus in sagittis dui vel nisl duis ac nibh fusce lacus
726,quis justo maecenas rhoncus aliquam lacus morbi quis tortor id nulla ultrices aliquet maecenas leo odio condimentum id luctus
727,luctus ultricies eu nibh quisque id justo sit amet sapien dignissim vestibulum vestibulum ante ipsum primis in faucibus orci
728,tortor id nulla ultrices aliquet maecenas leo odio condimentum id luctus nec molestie sed
729,lectus aliquam sit amet diam in magna bibendum imperdiet nullam orci pede venenatis non sodales sed tincidunt eu felis
730,vel augue vestibulum ante ipsum primis in faucibus orci luctus et ultrices posuere cubilia curae donec pharetra magna vestibulum aliquet
731,quis odio consequat varius integer ac leo pellentesque ultrices mattis odio donec vitae nisi nam
732,felis donec semper sapien a libero nam dui proin leo odio porttitor id consequat in consequat ut nulla sed
733,aliquet massa id lobortis convallis tortor risus dapibus augue vel accumsan tellus nisi
734,pellentesque quisque porta volutpat erat quisque erat eros viverra eget congue eget semper rutrum nulla nunc purus phasellus in felis
735,duis bibendum morbi non quam nec dui luctus rutrum nulla tellus
736,montes nascetur ridiculus mus etiam vel augue vestibulum rutrum rutrum neque aenean auctor gravida sem praesent id
737,faucibus orci luctus et ultrices posuere cubilia curae mauris viverra diam vitae quam suspendisse potenti nullam porttitor lacus at turpis
738,ornare imperdiet sapien urna pretium nisl ut volutpat sapien arcu
739,ligula vehicula consequat morbi a ipsum integer a nibh in quis justo maecenas rhoncus
740,dolor sit amet consectetuer adipiscing elit proin risus praesent lectus vestibulum quam sapien varius ut
741,habitasse platea dictumst maecenas ut massa quis augue luctus tincidunt nulla mollis molestie
742,platea dictumst aliquam augue quam sollicitudin vitae consectetuer eget rutrum
743,tristique fusce congue diam id ornare imperdiet sapien urna pretium nisl ut volutpat sapien arcu sed augue
744,ipsum primis in faucibus orci luctus et ultrices posuere cubilia curae duis faucibus
745,dolor vel est donec odio justo sollicitudin ut suscipit a feugiat et eros
746,tempus vivamus in felis eu sapien cursus vestibulum proin eu mi nulla ac enim in tempor turpis nec
747,vitae consectetuer eget rutrum at lorem integer tincidunt ante vel
748,consequat morbi a ipsum integer a nibh in quis justo maecenas rhoncus aliquam
749,suspendisse potenti in eleifend quam a odio in hac habitasse platea dictumst
750,justo in hac habitasse platea dictumst etiam faucibus cursus urna ut tellus
751,ante ipsum primis in faucibus orci luctus et ultrices posuere cubilia curae donec pharetra magna vestibulum aliquet ultrices
752,eros elementum pellentesque quisque porta volutpat erat quisque erat eros viverra eget congue eget semper rutrum nulla
753,quisque id justo sit amet sapien dignissim vestibulum vestibulum ante ipsum primis in faucibus orci luctus et ultrices
754,mauris vulputate elementum nullam varius nulla facilisi cras non velit nec nisi vulputate nonummy maecenas tincidunt lacus at velit
755,id justo sit amet sapien dignissim vestibulum vestibulum ante ipsum primis in faucibus
756,ac enim in tempor turpis nec euismod scelerisque quam turpis adipiscing lorem vitae mattis nibh ligula nec sem duis
757,id massa id nisl venenatis lacinia aenean sit amet justo morbi
758,ut dolor morbi vel lectus in quam fringilla rhoncus mauris enim leo rhoncus sed vestibulum sit amet cursus
759,blandit ultrices enim lorem ipsum dolor sit amet consectetuer adipiscing
760,id consequat in consequat ut nulla sed accumsan felis ut at dolor quis odio consequat varius integer ac leo
761,primis in faucibus orci luctus et ultrices posuere cubilia curae nulla dapibus dolor vel est donec odio justo
762,scelerisque mauris sit amet eros suspendisse accumsan tortor quis turpis sed ante vivamus tortor duis mattis egestas metus
763,ut nulla sed accumsan felis ut at dolor quis odio consequat varius integer ac leo pellentesque ultrices
764,lacinia erat vestibulum sed magna at nunc commodo placerat praesent blandit nam nulla
765,primis in faucibus orci luctus et ultrices posuere cubilia curae mauris viverra diam vitae quam
766,integer pede justo lacinia eget tincidunt eget tempus vel pede
767,suspendisse accumsan tortor quis turpis sed ante vivamus tortor duis mattis egestas metus
768,cubilia curae nulla dapibus dolor vel est donec odio justo sollicitudin ut suscipit a feugiat et eros vestibulum ac est
769,blandit nam nulla integer pede justo lacinia eget tincidunt eget tempus
770,velit donec diam neque vestibulum eget vulputate ut ultrices vel augue vestibulum ante ipsum primis in
771,fusce congue diam id ornare imperdiet sapien urna pretium nisl ut volutpat sapien arcu
772,aliquam erat volutpat in congue etiam justo etiam pretium iaculis
773,consequat lectus in est risus auctor sed tristique in tempus sit amet sem fusce consequat nulla nisl nunc
774,sit amet lobortis sapien sapien non mi integer ac neque duis bibendum morbi non quam nec
775,nascetur ridiculus mus vivamus vestibulum sagittis sapien cum sociis natoque penatibus
776,eu est congue elementum in hac habitasse platea dictumst morbi vestibulum velit id pretium iaculis diam erat fermentum
777,pellentesque eget nunc donec quis orci eget orci vehicula condimentum curabitur in libero ut massa volutpat convallis morbi odio
778,nulla elit ac nulla sed vel enim sit amet nunc
779,risus semper porta volutpat quam pede lobortis ligula sit amet eleifend
780,aenean auctor gravida sem praesent id massa id nisl venenatis lacinia aenean sit amet justo morbi
781,rutrum nulla nunc purus phasellus in felis donec semper sapien a libero nam dui proin leo odio porttitor id consequat
782,quis odio consequat varius integer ac leo pellentesque ultrices mattis odio donec vitae nisi nam ultrices libero non
783,diam vitae quam suspendisse potenti nullam porttitor lacus at turpis donec posuere
784,hac habitasse platea dictumst aliquam augue quam sollicitudin vitae consectetuer eget rutrum at lorem integer tincidunt
785,praesent id massa id nisl venenatis lacinia aenean sit amet justo morbi ut odio cras mi pede malesuada in
786,semper porta volutpat quam pede lobortis ligula sit amet eleifend pede libero quis orci nullam molestie nibh in
787,luctus tincidunt nulla mollis molestie lorem quisque ut erat curabitur
788,duis consequat dui nec nisi volutpat eleifend donec ut dolor morbi
789,pede posuere nonummy integer non velit donec diam neque vestibulum eget vulputate ut ultrices vel augue
790,lobortis est phasellus sit amet erat nulla tempus vivamus in
791,ut volutpat sapien arcu sed augue aliquam erat volutpat in congue etiam justo etiam pretium iaculis justo
792,luctus cum sociis natoque penatibus et magnis dis parturient montes nascetur ridiculus mus vivamus vestibulum sagittis sapien cum
793,ut suscipit a feugiat et eros vestibulum ac est lacinia
794,pede libero quis orci nullam molestie nibh in lectus pellentesque at nulla suspendisse potenti cras in purus eu magna vulputate
795,nec nisi volutpat eleifend donec ut dolor morbi vel lectus in quam fringilla rhoncus mauris enim leo rhoncus sed vestibulum
796,luctus et ultrices posuere cubilia curae donec pharetra magna vestibulum aliquet ultrices erat tortor sollicitudin mi sit amet lobortis sapien
797,ultrices mattis odio donec vitae nisi nam ultrices libero non mattis pulvinar nulla pede ullamcorper augue a suscipit nulla
798,ante vel ipsum praesent blandit lacinia erat vestibulum sed magna at nunc
799,erat vestibulum sed magna at nunc commodo placerat praesent blandit
800,blandit lacinia erat vestibulum sed magna at nunc commodo placerat
801,vel ipsum praesent blandit lacinia erat vestibulum sed magna at
802,ut mauris eget massa tempor convallis nulla neque libero convallis eget eleifend
803,est congue elementum in hac habitasse platea dictumst morbi vestibulum velit id pretium iaculis diam erat fermentum justo nec
804,iaculis diam erat fermentum justo nec condimentum neque sapien placerat
805,mus vivamus vestibulum sagittis sapien cum sociis natoque penatibus et magnis dis parturient montes nascetur ridiculus mus etiam
806,vestibulum ac est lacinia nisi venenatis tristique fusce congue diam id ornare
807,id sapien in sapien iaculis congue vivamus metus arcu adipiscing
808,dictumst morbi vestibulum velit id pretium iaculis diam erat fermentum justo nec
809,et ultrices posuere cubilia curae nulla dapibus dolor vel est donec odio justo sollicitudin ut
810,maecenas pulvinar lobortis est phasellus sit amet erat nulla tempus vivamus in felis eu sapien cursus vestibulum proin eu mi
811,id luctus nec molestie sed justo pellentesque viverra pede ac diam cras pellentesque volutpat dui maecenas tristique est et tempus
812,cubilia curae donec pharetra magna vestibulum aliquet ultrices erat tortor sollicitudin mi sit amet lobortis sapien sapien non mi integer
813,natoque penatibus et magnis dis parturient montes nascetur ridiculus mus
814,tempor turpis nec euismod scelerisque quam turpis adipiscing lorem vitae mattis nibh ligula nec sem duis aliquam convallis
815,vivamus vestibulum sagittis sapien cum sociis natoque penatibus et magnis dis parturient montes nascetur ridiculus mus etiam vel
816,vitae quam suspendisse potenti nullam porttitor lacus at turpis donec posuere metus vitae
817,at turpis donec posuere metus vitae ipsum aliquam non mauris morbi non lectus aliquam sit amet diam in magna
818,scelerisque quam turpis adipiscing lorem vitae mattis nibh ligula nec sem duis aliquam convallis nunc
819,vulputate luctus cum sociis natoque penatibus et magnis dis parturient montes nascetur ridiculus mus vivamus vestibulum sagittis sapien cum sociis
820,vestibulum ante ipsum primis in faucibus orci luctus et ultrices posuere cubilia curae duis faucibus accumsan odio curabitur convallis duis
821,quis turpis eget elit sodales scelerisque mauris sit amet eros suspendisse accumsan
822,viverra diam vitae quam suspendisse potenti nullam porttitor lacus at turpis donec posuere metus vitae ipsum aliquam non mauris
823,vel nisl duis ac nibh fusce lacus purus aliquet at feugiat non pretium
824,curabitur convallis duis consequat dui nec nisi volutpat eleifend donec ut dolor morbi vel
825,nisi vulputate nonummy maecenas tincidunt lacus at velit vivamus vel nulla eget eros elementum pellentesque quisque
826,mauris sit amet eros suspendisse accumsan tortor quis turpis sed ante
827,enim sit amet nunc viverra dapibus nulla suscipit ligula in lacus
828,fusce consequat nulla nisl nunc nisl duis bibendum felis sed interdum venenatis turpis enim blandit mi in porttitor
829,habitasse platea dictumst etiam faucibus cursus urna ut tellus nulla ut erat id mauris vulputate elementum
830,dui maecenas tristique est et tempus semper est quam pharetra magna ac consequat metus
831,sodales sed tincidunt eu felis fusce posuere felis sed lacus morbi
832,ultrices erat tortor sollicitudin mi sit amet lobortis sapien sapien
833,convallis morbi odio odio elementum eu interdum eu tincidunt in leo
834,praesent blandit nam nulla integer pede justo lacinia eget tincidunt eget tempus vel pede morbi porttitor lorem id
835,vivamus vestibulum sagittis sapien cum sociis natoque penatibus et magnis dis parturient montes nascetur ridiculus mus etiam vel
836,odio consequat varius integer ac leo pellentesque ultrices mattis odio donec vitae nisi nam ultrices libero non mattis
837,rhoncus aliquet pulvinar sed nisl nunc rhoncus dui vel sem sed sagittis nam congue
838,fringilla rhoncus mauris enim leo rhoncus sed vestibulum sit amet cursus id turpis integer aliquet massa id lobortis convallis tortor
839,diam neque vestibulum eget vulputate ut ultrices vel augue vestibulum ante ipsum
840,accumsan felis ut at dolor quis odio consequat varius integer
841,augue a suscipit nulla elit ac nulla sed vel enim sit amet nunc
842,vestibulum ante ipsum primis in faucibus orci luctus et ultrices posuere cubilia curae mauris viverra diam vitae quam
843,integer aliquet massa id lobortis convallis tortor risus dapibus augue vel accumsan tellus nisi eu orci mauris
844,condimentum curabitur in libero ut massa volutpat convallis morbi odio odio elementum eu interdum eu tincidunt
845,molestie lorem quisque ut erat curabitur gravida nisi at nibh in hac
846,amet erat nulla tempus vivamus in felis eu sapien cursus vestibulum
847,nulla facilisi cras non velit nec nisi vulputate nonummy maecenas tincidunt lacus at
848,sit amet lobortis sapien sapien non mi integer ac neque duis bibendum
849,nunc viverra dapibus nulla suscipit ligula in lacus curabitur at ipsum ac tellus semper interdum mauris ullamcorper purus sit
850,pretium quis lectus suspendisse potenti in eleifend quam a odio in hac habitasse platea dictumst maecenas ut massa quis augue
851,sapien arcu sed augue aliquam erat volutpat in congue etiam justo
852,hac habitasse platea dictumst maecenas ut massa quis augue luctus tincidunt nulla mollis molestie lorem
853,dui vel sem sed sagittis nam congue risus semper porta volutpat quam pede lobortis ligula sit amet eleifend pede
854,eu est congue elementum in hac habitasse platea dictumst morbi
855,ante ipsum primis in faucibus orci luctus et ultrices posuere cubilia curae mauris viverra diam vitae
856,nulla ac enim in tempor turpis nec euismod scelerisque quam turpis adipiscing lorem vitae mattis nibh ligula nec sem duis
857,turpis enim blandit mi in porttitor pede justo eu massa donec dapibus duis at velit eu est congue elementum in
858,at turpis a pede posuere nonummy integer non velit donec diam neque vestibulum eget vulputate ut ultrices vel augue
859,ac neque duis bibendum morbi non quam nec dui luctus rutrum nulla
860,nisi eu orci mauris lacinia sapien quis libero nullam sit amet turpis elementum ligula vehicula
861,amet justo morbi ut odio cras mi pede malesuada in
862,malesuada in imperdiet et commodo vulputate justo in blandit ultrices enim lorem ipsum dolor sit
863,quam nec dui luctus rutrum nulla tellus in sagittis dui vel nisl duis ac nibh fusce lacus purus aliquet
864,eros viverra eget congue eget semper rutrum nulla nunc purus phasellus in felis
865,mattis egestas metus aenean fermentum donec ut mauris eget massa tempor convallis nulla neque libero convallis eget eleifend luctus
866,lacinia eget tincidunt eget tempus vel pede morbi porttitor lorem id ligula suspendisse ornare
867,varius ut blandit non interdum in ante vestibulum ante ipsum primis in faucibus orci luctus et ultrices
868,quam sapien varius ut blandit non interdum in ante vestibulum ante ipsum primis in faucibus orci luctus et
869,quam pharetra magna ac consequat metus sapien ut nunc vestibulum
870,ornare imperdiet sapien urna pretium nisl ut volutpat sapien arcu sed augue aliquam erat volutpat in congue
871,duis ac nibh fusce lacus purus aliquet at feugiat non pretium quis
872,ultrices posuere cubilia curae donec pharetra magna vestibulum aliquet ultrices erat tortor sollicitudin mi sit amet
873,amet erat nulla tempus vivamus in felis eu sapien cursus vestibulum proin eu mi nulla ac enim in tempor turpis
874,fusce consequat nulla nisl nunc nisl duis bibendum felis sed interdum venenatis turpis enim blandit mi
875,amet turpis elementum ligula vehicula consequat morbi a ipsum integer a nibh
876,aliquam sit amet diam in magna bibendum imperdiet nullam orci pede venenatis non sodales sed tincidunt eu felis fusce
877,non mauris morbi non lectus aliquam sit amet diam in magna
878,mauris ullamcorper purus sit amet nulla quisque arcu libero rutrum ac lobortis
879,suscipit ligula in lacus curabitur at ipsum ac tellus semper
880,id massa id nisl venenatis lacinia aenean sit amet justo morbi ut odio cras
881,habitasse platea dictumst aliquam augue quam sollicitudin vitae consectetuer eget rutrum at lorem
882,eget tincidunt eget tempus vel pede morbi porttitor lorem id ligula suspendisse
883,augue vel accumsan tellus nisi eu orci mauris lacinia sapien quis libero nullam sit amet turpis elementum ligula vehicula
884,viverra eget congue eget semper rutrum nulla nunc purus phasellus in felis donec semper sapien a libero nam dui proin
885,ipsum dolor sit amet consectetuer adipiscing elit proin risus praesent lectus vestibulum
886,semper sapien a libero nam dui proin leo odio porttitor id consequat in consequat ut nulla
887,orci nullam molestie nibh in lectus pellentesque at nulla suspendisse potenti cras in purus eu magna vulputate luctus cum sociis
888,nisl venenatis lacinia aenean sit amet justo morbi ut odio cras mi pede malesuada in
889,imperdiet nullam orci pede venenatis non sodales sed tincidunt eu felis fusce posuere
890,fringilla rhoncus mauris enim leo rhoncus sed vestibulum sit amet cursus id turpis integer
891,adipiscing lorem vitae mattis nibh ligula nec sem duis aliquam convallis nunc
892,luctus et ultrices posuere cubilia curae donec pharetra magna vestibulum aliquet ultrices
893,lobortis ligula sit amet eleifend pede libero quis orci nullam molestie nibh in lectus
894,id justo sit amet sapien dignissim vestibulum vestibulum ante ipsum
895,justo in hac habitasse platea dictumst etiam faucibus cursus urna ut tellus nulla ut
896,aenean fermentum donec ut mauris eget massa tempor convallis nulla neque libero convallis eget eleifend luctus ultricies eu nibh
897,id ligula suspendisse ornare consequat lectus in est risus auctor sed
898,sapien placerat ante nulla justo aliquam quis turpis eget elit sodales scelerisque mauris sit amet eros suspendisse accumsan tortor quis
899,nisl venenatis lacinia aenean sit amet justo morbi ut odio cras mi
900,pulvinar lobortis est phasellus sit amet erat nulla tempus vivamus in felis eu sapien cursus vestibulum
901,mauris vulputate elementum nullam varius nulla facilisi cras non velit nec nisi vulputate nonummy maecenas tincidunt lacus at
902,et ultrices posuere cubilia curae nulla dapibus dolor vel est donec odio justo sollicitudin ut suscipit a feugiat et
903,fermentum justo nec condimentum neque sapien placerat ante nulla justo aliquam quis turpis
904,felis fusce posuere felis sed lacus morbi sem mauris laoreet ut rhoncus aliquet
905,nam ultrices libero non mattis pulvinar nulla pede ullamcorper augue a suscipit nulla elit ac nulla
906,sed magna at nunc commodo placerat praesent blandit nam nulla integer pede justo lacinia
907,vitae quam suspendisse potenti nullam porttitor lacus at turpis donec posuere metus vitae ipsum aliquam non
908,vestibulum sed magna at nunc commodo placerat praesent blandit nam nulla integer pede justo lacinia eget tincidunt
909,mi integer ac neque duis bibendum morbi non quam nec dui
910,dictumst maecenas ut massa quis augue luctus tincidunt nulla mollis molestie lorem quisque ut erat
911,fusce lacus purus aliquet at feugiat non pretium quis lectus suspendisse potenti in eleifend quam a odio in
912,elementum in hac habitasse platea dictumst morbi vestibulum velit id
913,in hac habitasse platea dictumst aliquam augue quam sollicitudin vitae consectetuer eget
914,venenatis lacinia aenean sit amet justo morbi ut odio cras mi pede malesuada in imperdiet et commodo vulputate
915,vestibulum proin eu mi nulla ac enim in tempor turpis nec euismod scelerisque quam turpis
916,condimentum curabitur in libero ut massa volutpat convallis morbi odio odio elementum eu interdum eu tincidunt in leo
917,metus sapien ut nunc vestibulum ante ipsum primis in faucibus orci luctus
918,a ipsum integer a nibh in quis justo maecenas rhoncus aliquam lacus morbi quis tortor id nulla ultrices aliquet
919,venenatis non sodales sed tincidunt eu felis fusce posuere felis sed lacus morbi
920,in hac habitasse platea dictumst morbi vestibulum velit id pretium iaculis diam erat fermentum
921,convallis duis consequat dui nec nisi volutpat eleifend donec ut dolor morbi vel lectus in quam fringilla rhoncus
922,nam nulla integer pede justo lacinia eget tincidunt eget tempus vel pede morbi porttitor lorem id ligula suspendisse ornare
923,metus arcu adipiscing molestie hendrerit at vulputate vitae nisl aenean lectus pellentesque eget nunc donec quis
924,diam vitae quam suspendisse potenti nullam porttitor lacus at turpis donec posuere metus vitae ipsum aliquam non mauris morbi
925,augue aliquam erat volutpat in congue etiam justo etiam pretium iaculis justo in hac habitasse
926,aliquet pulvinar sed nisl nunc rhoncus dui vel sem sed sagittis nam congue risus semper porta volutpat
927,mauris morbi non lectus aliquam sit amet diam in magna bibendum imperdiet nullam orci pede venenatis
928,sollicitudin vitae consectetuer eget rutrum at lorem integer tincidunt ante vel ipsum praesent blandit lacinia erat vestibulum
929,tincidunt in leo maecenas pulvinar lobortis est phasellus sit amet erat nulla tempus vivamus in felis eu sapien
930,lacinia eget tincidunt eget tempus vel pede morbi porttitor lorem id
931,quam pharetra magna ac consequat metus sapien ut nunc vestibulum ante ipsum primis in faucibus orci luctus
932,phasellus id sapien in sapien iaculis congue vivamus metus arcu adipiscing molestie hendrerit at
933,pulvinar sed nisl nunc rhoncus dui vel sem sed sagittis nam congue risus
934,commodo vulputate justo in blandit ultrices enim lorem ipsum dolor sit
935,posuere cubilia curae nulla dapibus dolor vel est donec odio justo sollicitudin ut
936,sapien cum sociis natoque penatibus et magnis dis parturient montes nascetur ridiculus mus
937,nulla nunc purus phasellus in felis donec semper sapien a libero nam dui proin leo odio
938,curae duis faucibus accumsan odio curabitur convallis duis consequat dui nec nisi volutpat eleifend donec ut dolor morbi
939,viverra dapibus nulla suscipit ligula in lacus curabitur at ipsum ac tellus
940,mauris non ligula pellentesque ultrices phasellus id sapien in sapien iaculis congue vivamus metus arcu adipiscing
941,quis odio consequat varius integer ac leo pellentesque ultrices mattis odio donec vitae nisi nam ultrices libero
942,suspendisse potenti nullam porttitor lacus at turpis donec posuere metus vitae ipsum aliquam non mauris morbi non lectus
943,orci luctus et ultrices posuere cubilia curae donec pharetra magna vestibulum aliquet ultrices erat tortor
944,nulla neque libero convallis eget eleifend luctus ultricies eu nibh quisque id
945,congue eget semper rutrum nulla nunc purus phasellus in felis donec semper sapien a libero nam
946,mus vivamus vestibulum sagittis sapien cum sociis natoque penatibus et magnis dis parturient montes nascetur ridiculus mus
947,mattis egestas metus aenean fermentum donec ut mauris eget massa tempor
948,nulla pede ullamcorper augue a suscipit nulla elit ac nulla sed vel enim
949,venenatis non sodales sed tincidunt eu felis fusce posuere felis
950,in imperdiet et commodo vulputate justo in blandit ultrices enim lorem ipsum dolor sit amet consectetuer
951,cursus urna ut tellus nulla ut erat id mauris vulputate elementum nullam varius nulla facilisi cras non velit
952,justo sollicitudin ut suscipit a feugiat et eros vestibulum ac est
953,pharetra magna vestibulum aliquet ultrices erat tortor sollicitudin mi sit amet lobortis sapien sapien non mi integer ac neque
954,pharetra magna ac consequat metus sapien ut nunc vestibulum ante ipsum primis in faucibus orci luctus
955,nunc vestibulum ante ipsum primis in faucibus orci luctus et ultrices posuere cubilia curae mauris viverra diam vitae quam suspendisse
956,lacinia sapien quis libero nullam sit amet turpis elementum ligula vehicula consequat morbi a ipsum integer a nibh in
957,suscipit a feugiat et eros vestibulum ac est lacinia nisi venenatis tristique fusce congue diam
958,nunc vestibulum ante ipsum primis in faucibus orci luctus et ultrices posuere cubilia curae mauris viverra diam vitae quam suspendisse
959,adipiscing elit proin risus praesent lectus vestibulum quam sapien varius ut blandit non interdum
960,cubilia curae donec pharetra magna vestibulum aliquet ultrices erat tortor sollicitudin mi sit amet lobortis sapien sapien non mi
961,et magnis dis parturient montes nascetur ridiculus mus vivamus vestibulum sagittis sapien cum sociis natoque
962,rhoncus sed vestibulum sit amet cursus id turpis integer aliquet massa id lobortis convallis
963,venenatis non sodales sed tincidunt eu felis fusce posuere felis sed lacus morbi sem mauris laoreet ut rhoncus
964,congue risus semper porta volutpat quam pede lobortis ligula sit amet eleifend pede libero quis orci nullam molestie nibh
965,integer ac neque duis bibendum morbi non quam nec dui luctus rutrum nulla tellus in sagittis dui vel nisl duis
966,volutpat convallis morbi odio odio elementum eu interdum eu tincidunt in leo maecenas pulvinar lobortis est phasellus sit amet erat
967,sollicitudin mi sit amet lobortis sapien sapien non mi integer ac neque duis bibendum morbi
968,sed lacus morbi sem mauris laoreet ut rhoncus aliquet pulvinar sed nisl nunc
969,velit id pretium iaculis diam erat fermentum justo nec condimentum neque sapien placerat ante nulla justo aliquam quis
970,cum sociis natoque penatibus et magnis dis parturient montes nascetur ridiculus mus
971,justo lacinia eget tincidunt eget tempus vel pede morbi porttitor lorem id ligula suspendisse
972,sit amet cursus id turpis integer aliquet massa id lobortis convallis tortor risus dapibus augue vel accumsan tellus
973,iaculis justo in hac habitasse platea dictumst etiam faucibus cursus urna
974,ultrices libero non mattis pulvinar nulla pede ullamcorper augue a suscipit nulla elit
975,adipiscing lorem vitae mattis nibh ligula nec sem duis aliquam
976,sit amet lobortis sapien sapien non mi integer ac neque duis bibendum morbi
977,tellus nulla ut erat id mauris vulputate elementum nullam varius
978,scelerisque quam turpis adipiscing lorem vitae mattis nibh ligula nec sem duis aliquam convallis nunc proin at turpis a pede
979,aliquam sit amet diam in magna bibendum imperdiet nullam orci pede venenatis non sodales sed tincidunt eu felis fusce posuere
980,erat eros viverra eget congue eget semper rutrum nulla nunc purus phasellus
981,dolor sit amet consectetuer adipiscing elit proin risus praesent lectus vestibulum quam sapien varius ut blandit non interdum
982,enim lorem ipsum dolor sit amet consectetuer adipiscing elit proin interdum mauris non ligula
983,neque libero convallis eget eleifend luctus ultricies eu nibh quisque id justo sit amet
984,fusce posuere felis sed lacus morbi sem mauris laoreet ut
985,venenatis non sodales sed tincidunt eu felis fusce posuere felis sed lacus morbi sem
986,a libero nam dui proin leo odio porttitor id consequat in consequat ut nulla sed accumsan
987,rutrum nulla nunc purus phasellus in felis donec semper sapien
988,ante vestibulum ante ipsum primis in faucibus orci luctus et ultrices posuere cubilia curae duis faucibus
989,purus eu magna vulputate luctus cum sociis natoque penatibus et magnis
990,vitae nisi nam ultrices libero non mattis pulvinar nulla pede
991,nec sem duis aliquam convallis nunc proin at turpis a
992,ornare imperdiet sapien urna pretium nisl ut volutpat sapien arcu sed augue aliquam
993,vel pede morbi porttitor lorem id ligula suspendisse ornare consequat lectus in est risus auctor sed tristique in tempus
994,sit amet nunc viverra dapibus nulla suscipit ligula in lacus curabitur at
995,luctus nec molestie sed justo pellentesque viverra pede ac diam cras pellentesque volutpat dui
996,tortor risus dapibus augue vel accumsan tellus nisi eu orci
997,curae nulla dapibus dolor vel est donec odio justo sollicitudin ut
998,lacus purus aliquet at feugiat non pretium quis lectus suspendisse potenti in eleifend quam
999,rhoncus aliquet pulvinar sed nisl nunc rhoncus dui vel sem sed sagittis nam congue
1000,dolor vel est donec odio justo sollicitudin ut suscipit a feugiat et eros
